MODULE_KEY,OPERATION,OPER_SHORT_DESC,OPER_LONG_DESC
LCBI,7460,LCBI1,LOW COST BURN IN
LCBI,7462,LCBI2,LCBI CLASS RE-BURN IN
LCBI,7463,LCBI3,LOW COST BURN IN 3
LCBI,7464,LCBI4,ITR
LCBI,7465,LCBI 5,LOW COST BURN IN 5
HDBI,7652,HBI PROD,HBI PRODUCTION
HDBI,7653,HBI REBI 1,HBI REBI 1
HDBI,7654,HBI REBI 2,HBI REBI 2
HDBI,7655,HBI KLOT,HBI KLOT RECLAIM
HDBI,7656,HBI OPI,HBI MISC 1
HDBI,7657,HBI IME 1,HBI INF MOR RT 1
HDBI,7658,HBI IME 2,HBI INF MOR RT 2
HDBI,7659,HBI IME 3,HBI INF MOR RT 3
HDBI,7660,HBI OP2,HBI MISC 2
HDBI,7661,HBI OP3,HBI MISC 3
HDBI,7662,HBI OP4,HBI MISC 4
HDBI,7663,HBI OP5,HBI MISC 5
HDMx_AHMT,5138,SPSAKRVEC1,SPS AFACT KLOT FLOW RV EXTCOLD1
HDMx_AHMT,5166,SPSAARVCC1,SPSAARVCC1
HDMx_AHMT,5208,RV QA DPMH,RV QA ADPM HDMT
HDMx_AHMT,5212,SPSAMRVCC1,SPS AFACT MAIN FLOW RV CCOLD1
HDMx_AHMT,5216,RV_HDMTCPB,RV_HDMT CPBIC COLD
HDMx_AHMT,5218,FC_S2,#FC CLASSCOLD QRE 2 RV CLASS COND
HDMx_AHMT,5219,RV_HDMTCPB,RV_HDMT CPBIC COLD
HDMx_AHMT,5242,RV_HDMTQA,RV_HDMT QA
HDMx_AHMT,5243,RV_HDMTQA,RV_HDMT QA
HDMx_AHMT,5248,MPS2MRVCM1,MPS 2FACT MAIN FLOW RV COMB SOCKET1
HDMx_AHMT,5259,RV CFQA3HD,RV CFQA3HD
HDMx_AHMT,5262,SPS1MRVCH1,SPS 1FACT MAIN FLOW RV CHOT1
HDMx_AHMT,5265,ENG DOE,RV_HDMT CPBIC HOT
HDMx_AHMT,5266,RVHDMTCPB,RV_HDMT CPBIC HOT
HDMx_AHMT,5268,RVHDMTCPB,RV_HDMT CPBIC HOT
HDMx_AHMT,5269,RVHDMTCPB,RV_HDMT CPBIC HOT
HDMx_AHMT,5270,RVHDMTCPB,RV_HDMT CPBIC HOT
HDMx_AHMT,5274,RVMPSPHM1,RV- PRODUCT HEALTH MONITORING 1
HDMx_AHMT,5616,MPSRVQRE10,COMB HOT COLD MPS TESTING-RV QRE10
HDMx_AHMT,5617,MPSRVQRE11,COMB HOT COLD MPS TESTING-RV QRE11
HDMx_AHMT,5618,MPSRVQRE12,COMB HOT COLD MPS TESTING-RV QRE12
HDMx_AHMT,5619,MPSRVQRE13,COMB HOT COLD MPS TESTING-RV QRE13
HDMx_AHMT,5638,MPSRVQRE14,COMB HOT COLD MPS TESTING-RV QRE14
HDMx_AHMT,5639,MPSRVQRE15,COMB HOT COLD MPS TESTING-RV QRE15
HDMx_AHMT,5644,MPSRVQRE16,COMB HOT COLD MPS TESTING-RV QRE16
HDMx_AHMT,5657,MPSRV20,COMB HOT MPS TESTING-RV QRE 20
HDMx_AHMT,5658,MPSRV21,COMB HOT MPS TESTING-RV QRE 21
HDMx_AHMT,5659,MPSRV22,COMB HOT MPS TESTING-RV QRE 22
HDMx_AHMT,5661,MPSRV23,COMB HOT MPS TESTING-RV QRE 23
HDMx_AHMT,5662,MPSRV24,COMB HOT MPS TESTING-RV QRE 24
HDMx_AHMT,5663,MPSRV25,COMB HOT MPS TESTING-RV QRE 25
HDMx_AHMT,5664,MPSRV26,COMB HOT MPS TESTING-RV QRE 26
HDMx_AHMT,5667,MPSRV27,COMB HOT MPS TESTING-RV QRE 27
HDMx_AHMT,5668,MPSRV28,COMB HOT MPS TESTING-RV QRE 28
HDMx_AHMT,5669,MPSRV29,COMB HOT MPS TESTING-RV QRE 29
HDMx_AHMT,5671,SPSHOTRV6,RV_HDMT CPBIC HOT QRE 6
HDMx_AHMT,5672,SPSHOTRV7,RV_HDMT CPBIC HOT QRE 7
HDMx_AHMT,5673,SPSHOTRV8,RV_HDMT CPBIC HOT QRE 8
HDMx_AHMT,5674,SPSHOTRV9,RV_HDMT CPBIC HOT QRE 9
HDMx_AHMT,5681,SPSHOTRV10,RV_HDMT CPBIC HOT QRE 10
HDMx_AHMT,5682,SPSHOTRV11,RV_HDMT CPBIC HOT QRE 11
HDMx_AHMT,5683,SPSHOTRV12,RV_HDMT CPBIC HOT QRE 12
HDMx_AHMT,5685,SPSHOTRV13,RV_HDMT CPBIC HOT QRE 13
HDMx_AHMT,5687,SPSHOTRV14,RV_HDMT CPBIC HOT QRE 14
HDMx_AHMT,5689,SPSHOTRV15,RV_HDMT CPBIC HOT QRE 15
HDMx_AHMT,5691,HDMTCPB5,RV_HDMT CPBIC COLD QRE 5
HDMx_AHMT,5692,HDMTCPB6,RV_HDMT CPBIC COLD QRE 6
HDMx_AHMT,5693,HDMTCPB7,RV_HDMT CPBIC COLD QRE 7
HDMx_AHMT,5694,HDMTCPB8,RV_HDMT CPBIC COLD QRE 8
HDMx_AHMT,5695,HDMTCPB9,RV_HDMT CPBIC COLD QRE 9
HDMx_AHMT,5696,HDMTCPB10,RV_HDMT CPBIC COLD QRE 10
HDMx_AHMT,5697,HDMTCPB11,RV_HDMT CPBIC COLD QRE 11
HDMx_AHMT,5698,HDMTCPB12,RV_HDMT CPBIC COLD QRE 12
HDMx_AHMT,5699,HDMTCPB13,RV_HDMT CPBIC COLD QRE 13
HDMx_AHMT,5725,RVCPBIC5H,RV_CPBIC5 HOT REBI
HDMx_AHMT,5820,MPS1MRVCM1,MPS 1FACT MAIN FLOW RV COMB SOCKET1
HDMx_AHMT,5821,MPSABRVCM1,MPS AFACT REBI FLOW RV COMB SOCKET1
HDMx_AHMT,5822,MPSRV3,COMB HOT COLD MPS TESTING-RV 3
HDMx_AHMT,5823,MPSABRVCM2,MPS AFACT REBI FLOW RV COMB SOCKET2
HDMx_AHMT,5824,MPSRV5,COMB HOT COLD MPS TESTING-RV 5
HDMx_AHMT,5825,MPSRV6,COMB HOT COLD MPS TESTING-RV 6
HDMx_AHMT,5826,MPSRV7,COMB HOT COLD MPS TESTING-RV 7
HDMx_AHMT,5828,MPSRV9,COMB HOT COLD MPS TESTING-RV 9
HDMx_AHMT,5872,MPSRV3,COMB HOT COLD MPS TESTING-RV 3
HDMx_AHMT,5874,MPSRV5,COMB HOT COLD MPS TESTING-RV 5
HDMx_AHMT,5875,MPSRV6,COMB HOT COLD MPS TESTING-RV 6
HDMx_AHMT,5876,MPSRV7,COMB HOT COLD MPS TESTING-RV 7
HDMx_AHMT,5878,MPSRV9,COMB HOT COLD MPS TESTING-RV 9
HDMx_AHMT,6092,HDSCH1FC,HDMT SPS CLASS HOT 1 FACT RECONFIG
HDMx_AHMT,6116,CRVFUHD,CLASS REJECT VAL FUSED UNITS HDMT
HDMx_AHMT,6134,CFC9HD,COMB SOCK FINAL CLASS TST COLD #9HD
HDMx_AHMT,6135,CSERV2HD,CSE/CSM RV2 NO UBE DL HDMT
HDMx_AHMT,6138,CFC12HD,COMB SOCK FINAL CLASS TST COLD#12HD
HDMx_AHMT,6156,QA_S1,#PHM HOT CONDITION FOR FUSE UNIT 5
HDMx_AHMT,6159,QA_S1,#PHM HOT CONDITION FOR FUSE UNIT 6
HDMx_AHMT,6163,CRC1HD,COMB SOCKET RAW CLASS TEST #1 HDMT
HDMx_AHMT,6164,CRC2HD,COMB SOCKET RAW CLASS TEST #2 HDMT
HDMx_AHMT,6165,CRC3HD,COMB SOCKET RAW CLASS TEST #3 HDMT
HDMx_AHMT,6166,CRC4HD,COMB SOCKET RAW CLASS TEST #4 HDMT
HDMx_AHMT,6167,CRC5HD,COMB SOCKET RAW CLASS TEST #5 HDMT
HDMx_AHMT,6169,DFLXF15RWK,BOT DEFLUX F15 BEC REWORK
HDMx_AHMT,6193,CPBIC11HD,COMB SOCK POST BURNIN C TST #11HDMT
HDMx_AHMT,6194,CFC11HD,COMB SOCK PST BURN IN C TST #11HDMT
HDMx_AHMT,6197,CFUSEHD,COMBINED SOCKET OFFLINE FUSING HDMT
HDMx_AHMT,6208,QAADPMHD,QA ADPM HDMT
HDMx_AHMT,6212,CFC1HD,COMB SOCK FINAL CLASS TST COLD #1HD
HDMx_AHMT,6213,CFC2HD,COMB SOCK FINAL CLASS TST COLD #2HD
HDMx_AHMT,6214,CFC3HD,COMB SOCK FINAL CLASS TST COLD #3HD
HDMx_AHMT,6215,CFC4HD,COMB SOCK FINAL CLASS TST COLD #4HD
HDMx_AHMT,6216,CFC5HD,COMB SOCK FINAL CLASS TST COLD #5HD
HDMx_AHMT,6217,CFC6HD,COMB SOCK FINAL CLASS TST COLD #6HD
HDMx_AHMT,6218,CFC7HD,COMB SOCK FINAL CLASS TST COLD #7HD
HDMx_AHMT,6219,CFC8HD,COMB SOCK FINAL CLASS TST COLD #8HD
HDMx_AHMT,6220,RC10,RAW CLASS #10
HDMx_AHMT,6242,CFQAT1HD,COMB SOCK FINAL QA 100% TST #1 HDMT
HDMx_AHMT,6243,CFQAT2HD,COMB SOCK FINAL QA 100% TST #2 HDMT
HDMx_AHMT,6244,CFQAT3HD,COMB SOCK FINAL QA 100% TST #3 HDMT
HDMx_AHMT,6245,CFQAT4HD,COMB SOCK FINAL QA 100% TST #4 HDMT
HDMx_AHMT,6248,MPSTEST10,COMB HOTCOLD MPS TEST CLASS TEST 10
HDMx_AHMT,6249,MPSTEST11,COMB HOTCOLD MPS TEST CLASS TEST 11
HDMx_AHMT,6254,HDSPECXF,HDMT SPS PHM EXTREME COLD BOTH FACT
HDMx_AHMT,6257,CFQA1HD,COMB SOCKET FINAL QA SAMP TEST #1HD
HDMx_AHMT,6258,CFQA2HD,COMB SOCKET FINAL QA SAMP TEST #2HD
HDMx_AHMT,6259,CFQA3HD,COMB SOCKET FINAL QA SAMP TEST #3HD
HDMx_AHMT,6260,CFQA4HD,COMB SOCKET FINAL QA SAMP TEST #4HD
HDMx_AHMT,6261,CPBIC12HD,COMB SOCK POST BURNIN C TST #12HDMT
HDMx_AHMT,6262,CPBIC1HD,COMB SOCK POST BURN IN C TST #1HDMT
HDMx_AHMT,6263,CPBIC2HD,COMB SOCK POST BURN IN C TST #2HDMT
HDMx_AHMT,6264,CPBIC3HD,COMB SOCK POST BURN IN C TST #3HDMT
HDMx_AHMT,6265,CPBIC4HD,COMB SOCK POST BURN IN C TST #4HDMT
HDMx_AHMT,6266,CPBIC5HD,COMB SOCK POST BURN IN C TST #5HDMT
HDMx_AHMT,6267,CPBIC6HD,COMB SOCK POST BURN IN C TST #6HDMT
HDMx_AHMT,6268,CPBIC7HD,COMB SOCK POST BURN IN C TST #7HDMT
HDMx_AHMT,6269,CPBIC8HD,COMB SOCK POST BURN IN C TST #9HDMT
HDMx_AHMT,6270,CPBIC9HD,COMB SOCK POST BURN IN C TST #9HDMT
HDMx_AHMT,6274,MPSPHM1,MPS PRODUCT HEALTH MONITORING 1
HDMx_AHMT,6275,MPSPHM2,MPS PRODUCT HEALTH MONITORING 2
HDMx_AHMT,6616,MPSTEST12,COMB HOT COLD MPS TEST-CLASS QRE 12
HDMx_AHMT,6617,MPSTEST13,COMB HOT COLD MPS TEST-CLASS QRE 13
HDMx_AHMT,6618,MPSTEST14,COMB HOT COLD MPS TEST-CLASS QRE 14
HDMx_AHMT,6619,MPSTEST15,COMB HOT COLD MPS TEST-CLASS QRE 15
HDMx_AHMT,6638,MPSTEST16,COMB HOT COLD MPS TEST-CLASS QRE 16
HDMx_AHMT,6639,MPSTEST17,COMB HOT COLD MPS TEST-CLASS QRE 17
HDMx_AHMT,6644,MPSTEST18,COMB HOT COLD MPS TEST-CLASS QRE 18
HDMx_AHMT,6653,MPSTEST19,COMB HOT COLD MPS TEST-CLASS QRE 19
HDMx_AHMT,6654,MPSTEST20,COMB HOT COLD MPS TEST-CLASS QRE 20
HDMx_AHMT,6656,MPSTEST21,COMB HOT COLD MPS TEST-CLASS QRE 21
HDMx_AHMT,6657,HDMCHXFQ11,HDMT MPS CLASS HOT BOTH FACT QRE 11
HDMx_AHMT,6658,HDMCHXFQ12,HDMT MPS CLASS HOT BOTH FACT QRE 12
HDMx_AHMT,6659,HDMCHXFQ13,HDMT MPS CLASS HOT BOTH FACT QRE 13
HDMx_AHMT,6661,HDMCHXFQ14,HDMT MPS CLASS HOT BOTH FACT QRE 14
HDMx_AHMT,6662,HDMCHXFQ15,HDMT MPS CLASS HOT BOTH FACT QRE 15
HDMx_AHMT,6663,HDMCHXFQ16,HDMT MPS CLASS HOT BOTH FACT QRE 16
HDMx_AHMT,6664,HDMCHXFQ17,HDMT MPS CLASS HOT BOTH FACT QRE 17
HDMx_AHMT,6667,HDMCHXFQ18,HDMT MPS CLASS HOT BOTH FACT QRE 18
HDMx_AHMT,6668,HDMCHXFQ19,HDMT MPS CLASS HOT BOTH FACT QRE 19
HDMx_AHMT,6669,HDMCHXFQ20,HDMT MPS CLASS HOT BOTH FACT QRE 20
HDMx_AHMT,6671,CPBICHD10,COMB SOCK POST BURN IN C TST QRE 10
HDMx_AHMT,6672,CPBICHD11,COMB SOCK POST BURN IN C TST QRE 11
HDMx_AHMT,6673,CPBICHD12,COMB SOCK POST BURN IN C TST QRE 12
HDMx_AHMT,6674,CPBICHD13,COMB SOCK POST BURN IN C TST QRE 13
HDMx_AHMT,6681,CPBICHD14,COMB SOCK POST BURN IN C TST QRE 14
HDMx_AHMT,6682,CPBICHD15,COMB SOCK POST BURN IN C TST QRE 15
HDMx_AHMT,6683,CPBICHD16,COMB SOCK POST BURN IN C TST QRE 16
HDMx_AHMT,6685,CPBICHD17,COMB SOCK POST BURN IN C TST QRE 17
HDMx_AHMT,6687,CPBICHD18,COMB SOCK POST BURN IN C TST QRE 18
HDMx_AHMT,6689,CPBICHD19,COMB SOCK POST BURN IN C TST QRE 19
HDMx_AHMT,6691,CFCHDQRE6,COMB SOCK FINAL CLASS TST COLD QRE
HDMx_AHMT,6692,CFCHDQRE7,COMB SOCK FINAL CLASS TST COLD QRE
HDMx_AHMT,6693,CFCHDQRE8,COMB SOCK FINAL CLASS TST COLD QRE
HDMx_AHMT,6694,CFCHDQRE9,COMB SOCK FINAL CLASS TST COLD QRE
HDMx_AHMT,6695,CFCHDQRE10,COMB SOCK FINAL CLASS TST COLD QRE
HDMx_AHMT,6696,CFCHDQRE11,COMB SOCK FINAL CLASS TST COLD QRE
HDMx_AHMT,6697,CFCHDQRE12,COMB SOCK FINAL CLASS TST COLD QRE
HDMx_AHMT,6698,CFCHDQRE13,COMB SOCK FINAL CLASS TST COLD QRE
HDMx_AHMT,6699,CFCHDQRE14,COMB SOCK FINAL CLASS TST COLD QRE
HDMx_AHMT,6725,CFCHDQRE15,COMB SOCK FINAL CLASS TST COLD QRE
HDMx_AHMT,6731,HDMX ST,HDMX STRESS TEST
HDMx_AHMT,6732,HX ST RE1,HDMX ST REBI 1
HDMx_AHMT,6733,HX ST RE2,HDMX ST REBI 2
HDMx_AHMT,6734,HX ST RE3,HDMX ST REBI 3
HDMx_AHMT,6735,HDMX ST RE,HDMX K-LOT RE-STRESS
HDMx_AHMT,6743,CFCHDQRE16,COMB SOCK FINAL CLASS TST COLD QRE
HDMx_AHMT,7820,MPSTEST1,COMB HOT COLD MPS TEST-CLASS TEST 1
HDMx_AHMT,7821,MPSTEST2,COMB HOT COLD MPS TEST-CLASS TEST 2
HDMx_AHMT,7822,MPSTEST3,COMB HOT COLD MPS TEST-CLASS TEST 3
HDMx_AHMT,7823,MPSTEST4,COMB HOT COLD MPS TEST-CLASS TEST 4
HDMx_AHMT,7824,MPSTEST5,COMB HOT COLD MPS TEST-CLASS TEST 5
HDMx_AHMT,7825,MPSTEST6,COMB HOT COLD MPS TEST-CLASS TEST 6
HDMx_AHMT,7826,MPSTEST7,COMB HOT COLD MPS TEST-CLASS TEST 7
HDMx_AHMT,7827,MPSTEST8,COMB HOT COLD MPS TEST-CLASS TEST 8
HDMx_AHMT,7828,MPSTEST9,COMB HOT COLD MPS TEST-CLASS TEST 9
HDMx_AHMT,7872,CPBIC2BIN,CPBIC BINNING OPERATION #2
HDMx_AHMT,7874,CPBIC4BIN,CPBIC BINNING OPERATION #4
HDMx_AHMT,7875,CPBIC5BIN,CPBIC BINNING OPERATION #5
HDMx_AHMT,7876,CPBIC6BIN,CPBIC BINNING OPERATION #6
HDMx_AHMT,7878,CPBIC8BIN,CPBIC BINNING OPERATION #8
HDMx_Class,5138,SPSAKRVEC1,SPS AFACT KLOT FLOW RV EXTCOLD1
HDMx_Class,5166,SPSAARVCC1,SPSAARVCC1
HDMx_Class,5208,RV QA DPMH,RV QA ADPM HDMT
HDMx_Class,5212,SPSAMRVCC1,SPS AFACT MAIN FLOW RV CCOLD1
HDMx_Class,5216,RV_HDMTCPB,RV_HDMT CPBIC COLD
HDMx_Class,5218,FC_S2,#FC CLASSCOLD QRE 2 RV CLASS COND
HDMx_Class,5219,RV_HDMTCPB,RV_HDMT CPBIC COLD
HDMx_Class,5242,RV_HDMTQA,RV_HDMT QA
HDMx_Class,5243,RV_HDMTQA,RV_HDMT QA
HDMx_Class,5248,MPS2MRVCM1,MPS 2FACT MAIN FLOW RV COMB SOCKET1
HDMx_Class,5259,RV CFQA3HD,RV CFQA3HD
HDMx_Class,5262,SPS1MRVCH1,SPS 1FACT MAIN FLOW RV CHOT1
HDMx_Class,5265,ENG DOE,RV_HDMT CPBIC HOT
HDMx_Class,5266,RVHDMTCPB,RV_HDMT CPBIC HOT
HDMx_Class,5268,RVHDMTCPB,RV_HDMT CPBIC HOT
HDMx_Class,5269,RVHDMTCPB,RV_HDMT CPBIC HOT
HDMx_Class,5270,RVHDMTCPB,RV_HDMT CPBIC HOT
HDMx_Class,5274,RVMPSPHM1,RV- PRODUCT HEALTH MONITORING 1
HDMx_Class,5616,MPSRVQRE10,COMB HOT COLD MPS TESTING-RV QRE10
HDMx_Class,5617,MPSRVQRE11,COMB HOT COLD MPS TESTING-RV QRE11
HDMx_Class,5618,MPSRVQRE12,COMB HOT COLD MPS TESTING-RV QRE12
HDMx_Class,5619,MPSRVQRE13,COMB HOT COLD MPS TESTING-RV QRE13
HDMx_Class,5638,MPSRVQRE14,COMB HOT COLD MPS TESTING-RV QRE14
HDMx_Class,5639,MPSRVQRE15,COMB HOT COLD MPS TESTING-RV QRE15
HDMx_Class,5644,MPSRVQRE16,COMB HOT COLD MPS TESTING-RV QRE16
HDMx_Class,5657,MPSRV20,COMB HOT MPS TESTING-RV QRE 20
HDMx_Class,5658,MPSRV21,COMB HOT MPS TESTING-RV QRE 21
HDMx_Class,5659,MPSRV22,COMB HOT MPS TESTING-RV QRE 22
HDMx_Class,5661,MPSRV23,COMB HOT MPS TESTING-RV QRE 23
HDMx_Class,5662,MPSRV24,COMB HOT MPS TESTING-RV QRE 24
HDMx_Class,5663,MPSRV25,COMB HOT MPS TESTING-RV QRE 25
HDMx_Class,5664,MPSRV26,COMB HOT MPS TESTING-RV QRE 26
HDMx_Class,5667,MPSRV27,COMB HOT MPS TESTING-RV QRE 27
HDMx_Class,5668,MPSRV28,COMB HOT MPS TESTING-RV QRE 28
HDMx_Class,5669,MPSRV29,COMB HOT MPS TESTING-RV QRE 29
HDMx_Class,5671,SPSHOTRV6,RV_HDMT CPBIC HOT QRE 6
HDMx_Class,5672,SPSHOTRV7,RV_HDMT CPBIC HOT QRE 7
HDMx_Class,5673,SPSHOTRV8,RV_HDMT CPBIC HOT QRE 8
HDMx_Class,5674,SPSHOTRV9,RV_HDMT CPBIC HOT QRE 9
HDMx_Class,5681,SPSHOTRV10,RV_HDMT CPBIC HOT QRE 10
HDMx_Class,5682,SPSHOTRV11,RV_HDMT CPBIC HOT QRE 11
HDMx_Class,5683,SPSHOTRV12,RV_HDMT CPBIC HOT QRE 12
HDMx_Class,5685,SPSHOTRV13,RV_HDMT CPBIC HOT QRE 13
HDMx_Class,5687,SPSHOTRV14,RV_HDMT CPBIC HOT QRE 14
HDMx_Class,5689,SPSHOTRV15,RV_HDMT CPBIC HOT QRE 15
HDMx_Class,5691,HDMTCPB5,RV_HDMT CPBIC COLD QRE 5
HDMx_Class,5692,HDMTCPB6,RV_HDMT CPBIC COLD QRE 6
HDMx_Class,5693,HDMTCPB7,RV_HDMT CPBIC COLD QRE 7
HDMx_Class,5694,HDMTCPB8,RV_HDMT CPBIC COLD QRE 8
HDMx_Class,5695,HDMTCPB9,RV_HDMT CPBIC COLD QRE 9
HDMx_Class,5696,HDMTCPB10,RV_HDMT CPBIC COLD QRE 10
HDMx_Class,5697,HDMTCPB11,RV_HDMT CPBIC COLD QRE 11
HDMx_Class,5698,HDMTCPB12,RV_HDMT CPBIC COLD QRE 12
HDMx_Class,5699,HDMTCPB13,RV_HDMT CPBIC COLD QRE 13
HDMx_Class,5725,RVCPBIC5H,RV_CPBIC5 HOT REBI
HDMx_Class,5820,MPS1MRVCM1,MPS 1FACT MAIN FLOW RV COMB SOCKET1
HDMx_Class,5821,MPSABRVCM1,MPS AFACT REBI FLOW RV COMB SOCKET1
HDMx_Class,5822,MPSRV3,COMB HOT COLD MPS TESTING-RV 3
HDMx_Class,5823,MPSABRVCM2,MPS AFACT REBI FLOW RV COMB SOCKET2
HDMx_Class,5824,MPSRV5,COMB HOT COLD MPS TESTING-RV 5
HDMx_Class,5825,MPSRV6,COMB HOT COLD MPS TESTING-RV 6
HDMx_Class,5826,MPSRV7,COMB HOT COLD MPS TESTING-RV 7
HDMx_Class,5828,MPSRV9,COMB HOT COLD MPS TESTING-RV 9
HDMx_Class,5872,MPSRV3,COMB HOT COLD MPS TESTING-RV 3
HDMx_Class,5874,MPSRV5,COMB HOT COLD MPS TESTING-RV 5
HDMx_Class,5875,MPSRV6,COMB HOT COLD MPS TESTING-RV 6
HDMx_Class,5876,MPSRV7,COMB HOT COLD MPS TESTING-RV 7
HDMx_Class,5878,MPSRV9,COMB HOT COLD MPS TESTING-RV 9
HDMx_Class,6092,HDSCH1FC,HDMT SPS CLASS HOT 1 FACT RECONFIG
HDMx_Class,6116,CRVFUHD,CLASS REJECT VAL FUSED UNITS HDMT
HDMx_Class,6134,CFC9HD,COMB SOCK FINAL CLASS TST COLD #9HD
HDMx_Class,6135,CSERV2HD,CSE/CSM RV2 NO UBE DL HDMT
HDMx_Class,6138,CFC12HD,COMB SOCK FINAL CLASS TST COLD#12HD
HDMx_Class,6156,QA_S1,#PHM HOT CONDITION FOR FUSE UNIT 5
HDMx_Class,6159,QA_S1,#PHM HOT CONDITION FOR FUSE UNIT 6
HDMx_Class,6163,CRC1HD,COMB SOCKET RAW CLASS TEST #1 HDMT
HDMx_Class,6164,CRC2HD,COMB SOCKET RAW CLASS TEST #2 HDMT
HDMx_Class,6165,CRC3HD,COMB SOCKET RAW CLASS TEST #3 HDMT
HDMx_Class,6166,CRC4HD,COMB SOCKET RAW CLASS TEST #4 HDMT
HDMx_Class,6167,CRC5HD,COMB SOCKET RAW CLASS TEST #5 HDMT
HDMx_Class,6169,DFLXF15RWK,BOT DEFLUX F15 BEC REWORK
HDMx_Class,6193,CPBIC11HD,COMB SOCK POST BURNIN C TST #11HDMT
HDMx_Class,6194,CFC11HD,COMB SOCK PST BURN IN C TST #11HDMT
HDMx_Class,6197,CFUSEHD,COMBINED SOCKET OFFLINE FUSING HDMT
HDMx_Class,6208,QAADPMHD,QA ADPM HDMT
HDMx_Class,6212,CFC1HD,COMB SOCK FINAL CLASS TST COLD #1HD
HDMx_Class,6213,CFC2HD,COMB SOCK FINAL CLASS TST COLD #2HD
HDMx_Class,6214,CFC3HD,COMB SOCK FINAL CLASS TST COLD #3HD
HDMx_Class,6215,CFC4HD,COMB SOCK FINAL CLASS TST COLD #4HD
HDMx_Class,6216,CFC5HD,COMB SOCK FINAL CLASS TST COLD #5HD
HDMx_Class,6217,CFC6HD,COMB SOCK FINAL CLASS TST COLD #6HD
HDMx_Class,6218,CFC7HD,COMB SOCK FINAL CLASS TST COLD #7HD
HDMx_Class,6219,CFC8HD,COMB SOCK FINAL CLASS TST COLD #8HD
HDMx_Class,6220,RC10,RAW CLASS #10
HDMx_Class,6242,CFQAT1HD,COMB SOCK FINAL QA 100% TST #1 HDMT
HDMx_Class,6243,CFQAT2HD,COMB SOCK FINAL QA 100% TST #2 HDMT
HDMx_Class,6244,CFQAT3HD,COMB SOCK FINAL QA 100% TST #3 HDMT
HDMx_Class,6245,CFQAT4HD,COMB SOCK FINAL QA 100% TST #4 HDMT
HDMx_Class,6248,MPSTEST10,COMB HOTCOLD MPS TEST CLASS TEST 10
HDMx_Class,6249,MPSTEST11,COMB HOTCOLD MPS TEST CLASS TEST 11
HDMx_Class,6254,HDSPECXF,HDMT SPS PHM EXTREME COLD BOTH FACT
HDMx_Class,6257,CFQA1HD,COMB SOCKET FINAL QA SAMP TEST #1HD
HDMx_Class,6258,CFQA2HD,COMB SOCKET FINAL QA SAMP TEST #2HD
HDMx_Class,6259,CFQA3HD,COMB SOCKET FINAL QA SAMP TEST #3HD
HDMx_Class,6260,CFQA4HD,COMB SOCKET FINAL QA SAMP TEST #4HD
HDMx_Class,6261,CPBIC12HD,COMB SOCK POST BURNIN C TST #12HDMT
HDMx_Class,6262,CPBIC1HD,COMB SOCK POST BURN IN C TST #1HDMT
HDMx_Class,6263,CPBIC2HD,COMB SOCK POST BURN IN C TST #2HDMT
HDMx_Class,6264,CPBIC3HD,COMB SOCK POST BURN IN C TST #3HDMT
HDMx_Class,6265,CPBIC4HD,COMB SOCK POST BURN IN C TST #4HDMT
HDMx_Class,6266,CPBIC5HD,COMB SOCK POST BURN IN C TST #5HDMT
HDMx_Class,6267,CPBIC6HD,COMB SOCK POST BURN IN C TST #6HDMT
HDMx_Class,6268,CPBIC7HD,COMB SOCK POST BURN IN C TST #7HDMT
HDMx_Class,6269,CPBIC8HD,COMB SOCK POST BURN IN C TST #9HDMT
HDMx_Class,6270,CPBIC9HD,COMB SOCK POST BURN IN C TST #9HDMT
HDMx_Class,6274,MPSPHM1,MPS PRODUCT HEALTH MONITORING 1
HDMx_Class,6275,MPSPHM2,MPS PRODUCT HEALTH MONITORING 2
HDMx_Class,6616,MPSTEST12,COMB HOT COLD MPS TEST-CLASS QRE 12
HDMx_Class,6617,MPSTEST13,COMB HOT COLD MPS TEST-CLASS QRE 13
HDMx_Class,6618,MPSTEST14,COMB HOT COLD MPS TEST-CLASS QRE 14
HDMx_Class,6619,MPSTEST15,COMB HOT COLD MPS TEST-CLASS QRE 15
HDMx_Class,6638,MPSTEST16,COMB HOT COLD MPS TEST-CLASS QRE 16
HDMx_Class,6639,MPSTEST17,COMB HOT COLD MPS TEST-CLASS QRE 17
HDMx_Class,6644,MPSTEST18,COMB HOT COLD MPS TEST-CLASS QRE 18
HDMx_Class,6653,MPSTEST19,COMB HOT COLD MPS TEST-CLASS QRE 19
HDMx_Class,6654,MPSTEST20,COMB HOT COLD MPS TEST-CLASS QRE 20
HDMx_Class,6656,MPSTEST21,COMB HOT COLD MPS TEST-CLASS QRE 21
HDMx_Class,6657,HDMCHXFQ11,HDMT MPS CLASS HOT BOTH FACT QRE 11
HDMx_Class,6658,HDMCHXFQ12,HDMT MPS CLASS HOT BOTH FACT QRE 12
HDMx_Class,6659,HDMCHXFQ13,HDMT MPS CLASS HOT BOTH FACT QRE 13
HDMx_Class,6661,HDMCHXFQ14,HDMT MPS CLASS HOT BOTH FACT QRE 14
HDMx_Class,6662,HDMCHXFQ15,HDMT MPS CLASS HOT BOTH FACT QRE 15
HDMx_Class,6663,HDMCHXFQ16,HDMT MPS CLASS HOT BOTH FACT QRE 16
HDMx_Class,6664,HDMCHXFQ17,HDMT MPS CLASS HOT BOTH FACT QRE 17
HDMx_Class,6667,HDMCHXFQ18,HDMT MPS CLASS HOT BOTH FACT QRE 18
HDMx_Class,6668,HDMCHXFQ19,HDMT MPS CLASS HOT BOTH FACT QRE 19
HDMx_Class,6669,HDMCHXFQ20,HDMT MPS CLASS HOT BOTH FACT QRE 20
HDMx_Class,6671,CPBICHD10,COMB SOCK POST BURN IN C TST QRE 10
HDMx_Class,6672,CPBICHD11,COMB SOCK POST BURN IN C TST QRE 11
HDMx_Class,6673,CPBICHD12,COMB SOCK POST BURN IN C TST QRE 12
HDMx_Class,6674,CPBICHD13,COMB SOCK POST BURN IN C TST QRE 13
HDMx_Class,6681,CPBICHD14,COMB SOCK POST BURN IN C TST QRE 14
HDMx_Class,6682,CPBICHD15,COMB SOCK POST BURN IN C TST QRE 15
HDMx_Class,6683,CPBICHD16,COMB SOCK POST BURN IN C TST QRE 16
HDMx_Class,6685,CPBICHD17,COMB SOCK POST BURN IN C TST QRE 17
HDMx_Class,6687,CPBICHD18,COMB SOCK POST BURN IN C TST QRE 18
HDMx_Class,6689,CPBICHD19,COMB SOCK POST BURN IN C TST QRE 19
HDMx_Class,6691,CFCHDQRE6,COMB SOCK FINAL CLASS TST COLD QRE
HDMx_Class,6692,CFCHDQRE7,COMB SOCK FINAL CLASS TST COLD QRE
HDMx_Class,6693,CFCHDQRE8,COMB SOCK FINAL CLASS TST COLD QRE
HDMx_Class,6694,CFCHDQRE9,COMB SOCK FINAL CLASS TST COLD QRE
HDMx_Class,6695,CFCHDQRE10,COMB SOCK FINAL CLASS TST COLD QRE
HDMx_Class,6696,CFCHDQRE11,COMB SOCK FINAL CLASS TST COLD QRE
HDMx_Class,6697,CFCHDQRE12,COMB SOCK FINAL CLASS TST COLD QRE
HDMx_Class,6698,CFCHDQRE13,COMB SOCK FINAL CLASS TST COLD QRE
HDMx_Class,6699,CFCHDQRE14,COMB SOCK FINAL CLASS TST COLD QRE
HDMx_Class,6725,CFCHDQRE15,COMB SOCK FINAL CLASS TST COLD QRE
HDMx_Class,6731,HDMX ST,HDMX STRESS TEST
HDMx_Class,6732,HX ST RE1,HDMX ST REBI 1
HDMx_Class,6733,HX ST RE2,HDMX ST REBI 2
HDMx_Class,6734,HX ST RE3,HDMX ST REBI 3
HDMx_Class,6735,HDMX ST RE,HDMX K-LOT RE-STRESS
HDMx_Class,6743,CFCHDQRE16,COMB SOCK FINAL CLASS TST COLD QRE
HDMx_Class,7820,MPSTEST1,COMB HOT COLD MPS TEST-CLASS TEST 1
HDMx_Class,7821,MPSTEST2,COMB HOT COLD MPS TEST-CLASS TEST 2
HDMx_Class,7822,MPSTEST3,COMB HOT COLD MPS TEST-CLASS TEST 3
HDMx_Class,7823,MPSTEST4,COMB HOT COLD MPS TEST-CLASS TEST 4
HDMx_Class,7824,MPSTEST5,COMB HOT COLD MPS TEST-CLASS TEST 5
HDMx_Class,7825,MPSTEST6,COMB HOT COLD MPS TEST-CLASS TEST 6
HDMx_Class,7826,MPSTEST7,COMB HOT COLD MPS TEST-CLASS TEST 7
HDMx_Class,7827,MPSTEST8,COMB HOT COLD MPS TEST-CLASS TEST 8
HDMx_Class,7828,MPSTEST9,COMB HOT COLD MPS TEST-CLASS TEST 9
HDMx_Class,7872,CPBIC2BIN,CPBIC BINNING OPERATION #2
HDMx_Class,7874,CPBIC4BIN,CPBIC BINNING OPERATION #4
HDMx_Class,7875,CPBIC5BIN,CPBIC BINNING OPERATION #5
HDMx_Class,7876,CPBIC6BIN,CPBIC BINNING OPERATION #6
HDMx_Class,7878,CPBIC8BIN,CPBIC BINNING OPERATION #8
HDMx_Cfuse,5138,SPSAKRVEC1,SPS AFACT KLOT FLOW RV EXTCOLD1
HDMx_Cfuse,5166,SPSAARVCC1,SPSAARVCC1
HDMx_Cfuse,5208,RV QA DPMH,RV QA ADPM HDMT
HDMx_Cfuse,5212,SPSAMRVCC1,SPS AFACT MAIN FLOW RV CCOLD1
HDMx_Cfuse,5216,RV_HDMTCPB,RV_HDMT CPBIC COLD
HDMx_Cfuse,5218,FC_S2,#FC CLASSCOLD QRE 2 RV CLASS COND
HDMx_Cfuse,5219,RV_HDMTCPB,RV_HDMT CPBIC COLD
HDMx_Cfuse,5242,RV_HDMTQA,RV_HDMT QA
HDMx_Cfuse,5243,RV_HDMTQA,RV_HDMT QA
HDMx_Cfuse,5248,MPS2MRVCM1,MPS 2FACT MAIN FLOW RV COMB SOCKET1
HDMx_Cfuse,5259,RV CFQA3HD,RV CFQA3HD
HDMx_Cfuse,5262,SPS1MRVCH1,SPS 1FACT MAIN FLOW RV CHOT1
HDMx_Cfuse,5265,ENG DOE,RV_HDMT CPBIC HOT
HDMx_Cfuse,5266,RVHDMTCPB,RV_HDMT CPBIC HOT
HDMx_Cfuse,5268,RVHDMTCPB,RV_HDMT CPBIC HOT
HDMx_Cfuse,5269,RVHDMTCPB,RV_HDMT CPBIC HOT
HDMx_Cfuse,5270,RVHDMTCPB,RV_HDMT CPBIC HOT
HDMx_Cfuse,5274,RVMPSPHM1,RV- PRODUCT HEALTH MONITORING 1
HDMx_Cfuse,5616,MPSRVQRE10,COMB HOT COLD MPS TESTING-RV QRE10
HDMx_Cfuse,5617,MPSRVQRE11,COMB HOT COLD MPS TESTING-RV QRE11
HDMx_Cfuse,5618,MPSRVQRE12,COMB HOT COLD MPS TESTING-RV QRE12
HDMx_Cfuse,5619,MPSRVQRE13,COMB HOT COLD MPS TESTING-RV QRE13
HDMx_Cfuse,5638,MPSRVQRE14,COMB HOT COLD MPS TESTING-RV QRE14
HDMx_Cfuse,5639,MPSRVQRE15,COMB HOT COLD MPS TESTING-RV QRE15
HDMx_Cfuse,5644,MPSRVQRE16,COMB HOT COLD MPS TESTING-RV QRE16
HDMx_Cfuse,5657,MPSRV20,COMB HOT MPS TESTING-RV QRE 20
HDMx_Cfuse,5658,MPSRV21,COMB HOT MPS TESTING-RV QRE 21
HDMx_Cfuse,5659,MPSRV22,COMB HOT MPS TESTING-RV QRE 22
HDMx_Cfuse,5661,MPSRV23,COMB HOT MPS TESTING-RV QRE 23
HDMx_Cfuse,5662,MPSRV24,COMB HOT MPS TESTING-RV QRE 24
HDMx_Cfuse,5663,MPSRV25,COMB HOT MPS TESTING-RV QRE 25
HDMx_Cfuse,5664,MPSRV26,COMB HOT MPS TESTING-RV QRE 26
HDMx_Cfuse,5667,MPSRV27,COMB HOT MPS TESTING-RV QRE 27
HDMx_Cfuse,5668,MPSRV28,COMB HOT MPS TESTING-RV QRE 28
HDMx_Cfuse,5669,MPSRV29,COMB HOT MPS TESTING-RV QRE 29
HDMx_Cfuse,5671,SPSHOTRV6,RV_HDMT CPBIC HOT QRE 6
HDMx_Cfuse,5672,SPSHOTRV7,RV_HDMT CPBIC HOT QRE 7
HDMx_Cfuse,5673,SPSHOTRV8,RV_HDMT CPBIC HOT QRE 8
HDMx_Cfuse,5674,SPSHOTRV9,RV_HDMT CPBIC HOT QRE 9
HDMx_Cfuse,5681,SPSHOTRV10,RV_HDMT CPBIC HOT QRE 10
HDMx_Cfuse,5682,SPSHOTRV11,RV_HDMT CPBIC HOT QRE 11
HDMx_Cfuse,5683,SPSHOTRV12,RV_HDMT CPBIC HOT QRE 12
HDMx_Cfuse,5685,SPSHOTRV13,RV_HDMT CPBIC HOT QRE 13
HDMx_Cfuse,5687,SPSHOTRV14,RV_HDMT CPBIC HOT QRE 14
HDMx_Cfuse,5689,SPSHOTRV15,RV_HDMT CPBIC HOT QRE 15
HDMx_Cfuse,5691,HDMTCPB5,RV_HDMT CPBIC COLD QRE 5
HDMx_Cfuse,5692,HDMTCPB6,RV_HDMT CPBIC COLD QRE 6
HDMx_Cfuse,5693,HDMTCPB7,RV_HDMT CPBIC COLD QRE 7
HDMx_Cfuse,5694,HDMTCPB8,RV_HDMT CPBIC COLD QRE 8
HDMx_Cfuse,5695,HDMTCPB9,RV_HDMT CPBIC COLD QRE 9
HDMx_Cfuse,5696,HDMTCPB10,RV_HDMT CPBIC COLD QRE 10
HDMx_Cfuse,5697,HDMTCPB11,RV_HDMT CPBIC COLD QRE 11
HDMx_Cfuse,5698,HDMTCPB12,RV_HDMT CPBIC COLD QRE 12
HDMx_Cfuse,5699,HDMTCPB13,RV_HDMT CPBIC COLD QRE 13
HDMx_Cfuse,5725,RVCPBIC5H,RV_CPBIC5 HOT REBI
HDMx_Cfuse,5820,MPS1MRVCM1,MPS 1FACT MAIN FLOW RV COMB SOCKET1
HDMx_Cfuse,5821,MPSABRVCM1,MPS AFACT REBI FLOW RV COMB SOCKET1
HDMx_Cfuse,5822,MPSRV3,COMB HOT COLD MPS TESTING-RV 3
HDMx_Cfuse,5823,MPSABRVCM2,MPS AFACT REBI FLOW RV COMB SOCKET2
HDMx_Cfuse,5824,MPSRV5,COMB HOT COLD MPS TESTING-RV 5
HDMx_Cfuse,5825,MPSRV6,COMB HOT COLD MPS TESTING-RV 6
HDMx_Cfuse,5826,MPSRV7,COMB HOT COLD MPS TESTING-RV 7
HDMx_Cfuse,5828,MPSRV9,COMB HOT COLD MPS TESTING-RV 9
HDMx_Cfuse,5872,MPSRV3,COMB HOT COLD MPS TESTING-RV 3
HDMx_Cfuse,5874,MPSRV5,COMB HOT COLD MPS TESTING-RV 5
HDMx_Cfuse,5875,MPSRV6,COMB HOT COLD MPS TESTING-RV 6
HDMx_Cfuse,5876,MPSRV7,COMB HOT COLD MPS TESTING-RV 7
HDMx_Cfuse,5878,MPSRV9,COMB HOT COLD MPS TESTING-RV 9
HDMx_Cfuse,6092,HDSCH1FC,HDMT SPS CLASS HOT 1 FACT RECONFIG
HDMx_Cfuse,6116,CRVFUHD,CLASS REJECT VAL FUSED UNITS HDMT
HDMx_Cfuse,6134,CFC9HD,COMB SOCK FINAL CLASS TST COLD #9HD
HDMx_Cfuse,6135,CSERV2HD,CSE/CSM RV2 NO UBE DL HDMT
HDMx_Cfuse,6138,CFC12HD,COMB SOCK FINAL CLASS TST COLD#12HD
HDMx_Cfuse,6156,QA_S1,#PHM HOT CONDITION FOR FUSE UNIT 5
HDMx_Cfuse,6159,QA_S1,#PHM HOT CONDITION FOR FUSE UNIT 6
HDMx_Cfuse,6163,CRC1HD,COMB SOCKET RAW CLASS TEST #1 HDMT
HDMx_Cfuse,6164,CRC2HD,COMB SOCKET RAW CLASS TEST #2 HDMT
HDMx_Cfuse,6165,CRC3HD,COMB SOCKET RAW CLASS TEST #3 HDMT
HDMx_Cfuse,6166,CRC4HD,COMB SOCKET RAW CLASS TEST #4 HDMT
HDMx_Cfuse,6167,CRC5HD,COMB SOCKET RAW CLASS TEST #5 HDMT
HDMx_Cfuse,6169,DFLXF15RWK,BOT DEFLUX F15 BEC REWORK
HDMx_Cfuse,6193,CPBIC11HD,COMB SOCK POST BURNIN C TST #11HDMT
HDMx_Cfuse,6194,CFC11HD,COMB SOCK PST BURN IN C TST #11HDMT
HDMx_Cfuse,6197,CFUSEHD,COMBINED SOCKET OFFLINE FUSING HDMT
HDMx_Cfuse,6208,QAADPMHD,QA ADPM HDMT
HDMx_Cfuse,6212,CFC1HD,COMB SOCK FINAL CLASS TST COLD #1HD
HDMx_Cfuse,6213,CFC2HD,COMB SOCK FINAL CLASS TST COLD #2HD
HDMx_Cfuse,6214,CFC3HD,COMB SOCK FINAL CLASS TST COLD #3HD
HDMx_Cfuse,6215,CFC4HD,COMB SOCK FINAL CLASS TST COLD #4HD
HDMx_Cfuse,6216,CFC5HD,COMB SOCK FINAL CLASS TST COLD #5HD
HDMx_Cfuse,6217,CFC6HD,COMB SOCK FINAL CLASS TST COLD #6HD
HDMx_Cfuse,6218,CFC7HD,COMB SOCK FINAL CLASS TST COLD #7HD
HDMx_Cfuse,6219,CFC8HD,COMB SOCK FINAL CLASS TST COLD #8HD
HDMx_Cfuse,6220,RC10,RAW CLASS #10
HDMx_Cfuse,6242,CFQAT1HD,COMB SOCK FINAL QA 100% TST #1 HDMT
HDMx_Cfuse,6243,CFQAT2HD,COMB SOCK FINAL QA 100% TST #2 HDMT
HDMx_Cfuse,6244,CFQAT3HD,COMB SOCK FINAL QA 100% TST #3 HDMT
HDMx_Cfuse,6245,CFQAT4HD,COMB SOCK FINAL QA 100% TST #4 HDMT
HDMx_Cfuse,6248,MPSTEST10,COMB HOTCOLD MPS TEST CLASS TEST 10
HDMx_Cfuse,6249,MPSTEST11,COMB HOTCOLD MPS TEST CLASS TEST 11
HDMx_Cfuse,6254,HDSPECXF,HDMT SPS PHM EXTREME COLD BOTH FACT
HDMx_Cfuse,6257,CFQA1HD,COMB SOCKET FINAL QA SAMP TEST #1HD
HDMx_Cfuse,6258,CFQA2HD,COMB SOCKET FINAL QA SAMP TEST #2HD
HDMx_Cfuse,6259,CFQA3HD,COMB SOCKET FINAL QA SAMP TEST #3HD
HDMx_Cfuse,6260,CFQA4HD,COMB SOCKET FINAL QA SAMP TEST #4HD
HDMx_Cfuse,6261,CPBIC12HD,COMB SOCK POST BURNIN C TST #12HDMT
HDMx_Cfuse,6262,CPBIC1HD,COMB SOCK POST BURN IN C TST #1HDMT
HDMx_Cfuse,6263,CPBIC2HD,COMB SOCK POST BURN IN C TST #2HDMT
HDMx_Cfuse,6264,CPBIC3HD,COMB SOCK POST BURN IN C TST #3HDMT
HDMx_Cfuse,6265,CPBIC4HD,COMB SOCK POST BURN IN C TST #4HDMT
HDMx_Cfuse,6266,CPBIC5HD,COMB SOCK POST BURN IN C TST #5HDMT
HDMx_Cfuse,6267,CPBIC6HD,COMB SOCK POST BURN IN C TST #6HDMT
HDMx_Cfuse,6268,CPBIC7HD,COMB SOCK POST BURN IN C TST #7HDMT
HDMx_Cfuse,6269,CPBIC8HD,COMB SOCK POST BURN IN C TST #9HDMT
HDMx_Cfuse,6270,CPBIC9HD,COMB SOCK POST BURN IN C TST #9HDMT
HDMx_Cfuse,6274,MPSPHM1,MPS PRODUCT HEALTH MONITORING 1
HDMx_Cfuse,6275,MPSPHM2,MPS PRODUCT HEALTH MONITORING 2
HDMx_Cfuse,6616,MPSTEST12,COMB HOT COLD MPS TEST-CLASS QRE 12
HDMx_Cfuse,6617,MPSTEST13,COMB HOT COLD MPS TEST-CLASS QRE 13
HDMx_Cfuse,6618,MPSTEST14,COMB HOT COLD MPS TEST-CLASS QRE 14
HDMx_Cfuse,6619,MPSTEST15,COMB HOT COLD MPS TEST-CLASS QRE 15
HDMx_Cfuse,6638,MPSTEST16,COMB HOT COLD MPS TEST-CLASS QRE 16
HDMx_Cfuse,6639,MPSTEST17,COMB HOT COLD MPS TEST-CLASS QRE 17
HDMx_Cfuse,6644,MPSTEST18,COMB HOT COLD MPS TEST-CLASS QRE 18
HDMx_Cfuse,6653,MPSTEST19,COMB HOT COLD MPS TEST-CLASS QRE 19
HDMx_Cfuse,6654,MPSTEST20,COMB HOT COLD MPS TEST-CLASS QRE 20
HDMx_Cfuse,6656,MPSTEST21,COMB HOT COLD MPS TEST-CLASS QRE 21
HDMx_Cfuse,6657,HDMCHXFQ11,HDMT MPS CLASS HOT BOTH FACT QRE 11
HDMx_Cfuse,6658,HDMCHXFQ12,HDMT MPS CLASS HOT BOTH FACT QRE 12
HDMx_Cfuse,6659,HDMCHXFQ13,HDMT MPS CLASS HOT BOTH FACT QRE 13
HDMx_Cfuse,6661,HDMCHXFQ14,HDMT MPS CLASS HOT BOTH FACT QRE 14
HDMx_Cfuse,6662,HDMCHXFQ15,HDMT MPS CLASS HOT BOTH FACT QRE 15
HDMx_Cfuse,6663,HDMCHXFQ16,HDMT MPS CLASS HOT BOTH FACT QRE 16
HDMx_Cfuse,6664,HDMCHXFQ17,HDMT MPS CLASS HOT BOTH FACT QRE 17
HDMx_Cfuse,6667,HDMCHXFQ18,HDMT MPS CLASS HOT BOTH FACT QRE 18
HDMx_Cfuse,6668,HDMCHXFQ19,HDMT MPS CLASS HOT BOTH FACT QRE 19
HDMx_Cfuse,6669,HDMCHXFQ20,HDMT MPS CLASS HOT BOTH FACT QRE 20
HDMx_Cfuse,6671,CPBICHD10,COMB SOCK POST BURN IN C TST QRE 10
HDMx_Cfuse,6672,CPBICHD11,COMB SOCK POST BURN IN C TST QRE 11
HDMx_Cfuse,6673,CPBICHD12,COMB SOCK POST BURN IN C TST QRE 12
HDMx_Cfuse,6674,CPBICHD13,COMB SOCK POST BURN IN C TST QRE 13
HDMx_Cfuse,6681,CPBICHD14,COMB SOCK POST BURN IN C TST QRE 14
HDMx_Cfuse,6682,CPBICHD15,COMB SOCK POST BURN IN C TST QRE 15
HDMx_Cfuse,6683,CPBICHD16,COMB SOCK POST BURN IN C TST QRE 16
HDMx_Cfuse,6685,CPBICHD17,COMB SOCK POST BURN IN C TST QRE 17
HDMx_Cfuse,6687,CPBICHD18,COMB SOCK POST BURN IN C TST QRE 18
HDMx_Cfuse,6689,CPBICHD19,COMB SOCK POST BURN IN C TST QRE 19
HDMx_Cfuse,6691,CFCHDQRE6,COMB SOCK FINAL CLASS TST COLD QRE
HDMx_Cfuse,6692,CFCHDQRE7,COMB SOCK FINAL CLASS TST COLD QRE
HDMx_Cfuse,6693,CFCHDQRE8,COMB SOCK FINAL CLASS TST COLD QRE
HDMx_Cfuse,6694,CFCHDQRE9,COMB SOCK FINAL CLASS TST COLD QRE
HDMx_Cfuse,6695,CFCHDQRE10,COMB SOCK FINAL CLASS TST COLD QRE
HDMx_Cfuse,6696,CFCHDQRE11,COMB SOCK FINAL CLASS TST COLD QRE
HDMx_Cfuse,6697,CFCHDQRE12,COMB SOCK FINAL CLASS TST COLD QRE
HDMx_Cfuse,6698,CFCHDQRE13,COMB SOCK FINAL CLASS TST COLD QRE
HDMx_Cfuse,6699,CFCHDQRE14,COMB SOCK FINAL CLASS TST COLD QRE
HDMx_Cfuse,6725,CFCHDQRE15,COMB SOCK FINAL CLASS TST COLD QRE
HDMx_Cfuse,6731,HDMX ST,HDMX STRESS TEST
HDMx_Cfuse,6732,HX ST RE1,HDMX ST REBI 1
HDMx_Cfuse,6733,HX ST RE2,HDMX ST REBI 2
HDMx_Cfuse,6734,HX ST RE3,HDMX ST REBI 3
HDMx_Cfuse,6735,HDMX ST RE,HDMX K-LOT RE-STRESS
HDMx_Cfuse,6743,CFCHDQRE16,COMB SOCK FINAL CLASS TST COLD QRE
HDMx_Cfuse,7820,MPSTEST1,COMB HOT COLD MPS TEST-CLASS TEST 1
HDMx_Cfuse,7821,MPSTEST2,COMB HOT COLD MPS TEST-CLASS TEST 2
HDMx_Cfuse,7822,MPSTEST3,COMB HOT COLD MPS TEST-CLASS TEST 3
HDMx_Cfuse,7823,MPSTEST4,COMB HOT COLD MPS TEST-CLASS TEST 4
HDMx_Cfuse,7824,MPSTEST5,COMB HOT COLD MPS TEST-CLASS TEST 5
HDMx_Cfuse,7825,MPSTEST6,COMB HOT COLD MPS TEST-CLASS TEST 6
HDMx_Cfuse,7826,MPSTEST7,COMB HOT COLD MPS TEST-CLASS TEST 7
HDMx_Cfuse,7827,MPSTEST8,COMB HOT COLD MPS TEST-CLASS TEST 8
HDMx_Cfuse,7828,MPSTEST9,COMB HOT COLD MPS TEST-CLASS TEST 9
HDMx_Cfuse,7872,CPBIC2BIN,CPBIC BINNING OPERATION #2
HDMx_Cfuse,7874,CPBIC4BIN,CPBIC BINNING OPERATION #4
HDMx_Cfuse,7875,CPBIC5BIN,CPBIC BINNING OPERATION #5
HDMx_Cfuse,7876,CPBIC6BIN,CPBIC BINNING OPERATION #6
HDMx_Cfuse,7878,CPBIC8BIN,CPBIC BINNING OPERATION #8
HDMx_EQA,5138,SPSAKRVEC1,SPS AFACT KLOT FLOW RV EXTCOLD1
HDMx_EQA,5166,SPSAARVCC1,SPSAARVCC1
HDMx_EQA,5208,RV QA DPMH,RV QA ADPM HDMT
HDMx_EQA,5212,SPSAMRVCC1,SPS AFACT MAIN FLOW RV CCOLD1
HDMx_EQA,5216,RV_HDMTCPB,RV_HDMT CPBIC COLD
HDMx_EQA,5218,FC_S2,#FC CLASSCOLD QRE 2 RV CLASS COND
HDMx_EQA,5219,RV_HDMTCPB,RV_HDMT CPBIC COLD
HDMx_EQA,5242,RV_HDMTQA,RV_HDMT QA
HDMx_EQA,5243,RV_HDMTQA,RV_HDMT QA
HDMx_EQA,5248,MPS2MRVCM1,MPS 2FACT MAIN FLOW RV COMB SOCKET1
HDMx_EQA,5259,RV CFQA3HD,RV CFQA3HD
HDMx_EQA,5262,SPS1MRVCH1,SPS 1FACT MAIN FLOW RV CHOT1
HDMx_EQA,5265,ENG DOE,RV_HDMT CPBIC HOT
HDMx_EQA,5266,RVHDMTCPB,RV_HDMT CPBIC HOT
HDMx_EQA,5268,RVHDMTCPB,RV_HDMT CPBIC HOT
HDMx_EQA,5269,RVHDMTCPB,RV_HDMT CPBIC HOT
HDMx_EQA,5270,RVHDMTCPB,RV_HDMT CPBIC HOT
HDMx_EQA,5274,RVMPSPHM1,RV- PRODUCT HEALTH MONITORING 1
HDMx_EQA,5616,MPSRVQRE10,COMB HOT COLD MPS TESTING-RV QRE10
HDMx_EQA,5617,MPSRVQRE11,COMB HOT COLD MPS TESTING-RV QRE11
HDMx_EQA,5618,MPSRVQRE12,COMB HOT COLD MPS TESTING-RV QRE12
HDMx_EQA,5619,MPSRVQRE13,COMB HOT COLD MPS TESTING-RV QRE13
HDMx_EQA,5638,MPSRVQRE14,COMB HOT COLD MPS TESTING-RV QRE14
HDMx_EQA,5639,MPSRVQRE15,COMB HOT COLD MPS TESTING-RV QRE15
HDMx_EQA,5644,MPSRVQRE16,COMB HOT COLD MPS TESTING-RV QRE16
HDMx_EQA,5657,MPSRV20,COMB HOT MPS TESTING-RV QRE 20
HDMx_EQA,5658,MPSRV21,COMB HOT MPS TESTING-RV QRE 21
HDMx_EQA,5659,MPSRV22,COMB HOT MPS TESTING-RV QRE 22
HDMx_EQA,5661,MPSRV23,COMB HOT MPS TESTING-RV QRE 23
HDMx_EQA,5662,MPSRV24,COMB HOT MPS TESTING-RV QRE 24
HDMx_EQA,5663,MPSRV25,COMB HOT MPS TESTING-RV QRE 25
HDMx_EQA,5664,MPSRV26,COMB HOT MPS TESTING-RV QRE 26
HDMx_EQA,5667,MPSRV27,COMB HOT MPS TESTING-RV QRE 27
HDMx_EQA,5668,MPSRV28,COMB HOT MPS TESTING-RV QRE 28
HDMx_EQA,5669,MPSRV29,COMB HOT MPS TESTING-RV QRE 29
HDMx_EQA,5671,SPSHOTRV6,RV_HDMT CPBIC HOT QRE 6
HDMx_EQA,5672,SPSHOTRV7,RV_HDMT CPBIC HOT QRE 7
HDMx_EQA,5673,SPSHOTRV8,RV_HDMT CPBIC HOT QRE 8
HDMx_EQA,5674,SPSHOTRV9,RV_HDMT CPBIC HOT QRE 9
HDMx_EQA,5681,SPSHOTRV10,RV_HDMT CPBIC HOT QRE 10
HDMx_EQA,5682,SPSHOTRV11,RV_HDMT CPBIC HOT QRE 11
HDMx_EQA,5683,SPSHOTRV12,RV_HDMT CPBIC HOT QRE 12
HDMx_EQA,5685,SPSHOTRV13,RV_HDMT CPBIC HOT QRE 13
HDMx_EQA,5687,SPSHOTRV14,RV_HDMT CPBIC HOT QRE 14
HDMx_EQA,5689,SPSHOTRV15,RV_HDMT CPBIC HOT QRE 15
HDMx_EQA,5691,HDMTCPB5,RV_HDMT CPBIC COLD QRE 5
HDMx_EQA,5692,HDMTCPB6,RV_HDMT CPBIC COLD QRE 6
HDMx_EQA,5693,HDMTCPB7,RV_HDMT CPBIC COLD QRE 7
HDMx_EQA,5694,HDMTCPB8,RV_HDMT CPBIC COLD QRE 8
HDMx_EQA,5695,HDMTCPB9,RV_HDMT CPBIC COLD QRE 9
HDMx_EQA,5696,HDMTCPB10,RV_HDMT CPBIC COLD QRE 10
HDMx_EQA,5697,HDMTCPB11,RV_HDMT CPBIC COLD QRE 11
HDMx_EQA,5698,HDMTCPB12,RV_HDMT CPBIC COLD QRE 12
HDMx_EQA,5699,HDMTCPB13,RV_HDMT CPBIC COLD QRE 13
HDMx_EQA,5725,RVCPBIC5H,RV_CPBIC5 HOT REBI
HDMx_EQA,5820,MPS1MRVCM1,MPS 1FACT MAIN FLOW RV COMB SOCKET1
HDMx_EQA,5821,MPSABRVCM1,MPS AFACT REBI FLOW RV COMB SOCKET1
HDMx_EQA,5822,MPSRV3,COMB HOT COLD MPS TESTING-RV 3
HDMx_EQA,5823,MPSABRVCM2,MPS AFACT REBI FLOW RV COMB SOCKET2
HDMx_EQA,5824,MPSRV5,COMB HOT COLD MPS TESTING-RV 5
HDMx_EQA,5825,MPSRV6,COMB HOT COLD MPS TESTING-RV 6
HDMx_EQA,5826,MPSRV7,COMB HOT COLD MPS TESTING-RV 7
HDMx_EQA,5828,MPSRV9,COMB HOT COLD MPS TESTING-RV 9
HDMx_EQA,5872,MPSRV3,COMB HOT COLD MPS TESTING-RV 3
HDMx_EQA,5874,MPSRV5,COMB HOT COLD MPS TESTING-RV 5
HDMx_EQA,5875,MPSRV6,COMB HOT COLD MPS TESTING-RV 6
HDMx_EQA,5876,MPSRV7,COMB HOT COLD MPS TESTING-RV 7
HDMx_EQA,5878,MPSRV9,COMB HOT COLD MPS TESTING-RV 9
HDMx_EQA,6092,HDSCH1FC,HDMT SPS CLASS HOT 1 FACT RECONFIG
HDMx_EQA,6116,CRVFUHD,CLASS REJECT VAL FUSED UNITS HDMT
HDMx_EQA,6134,CFC9HD,COMB SOCK FINAL CLASS TST COLD #9HD
HDMx_EQA,6135,CSERV2HD,CSE/CSM RV2 NO UBE DL HDMT
HDMx_EQA,6138,CFC12HD,COMB SOCK FINAL CLASS TST COLD#12HD
HDMx_EQA,6156,QA_S1,#PHM HOT CONDITION FOR FUSE UNIT 5
HDMx_EQA,6159,QA_S1,#PHM HOT CONDITION FOR FUSE UNIT 6
HDMx_EQA,6163,CRC1HD,COMB SOCKET RAW CLASS TEST #1 HDMT
HDMx_EQA,6164,CRC2HD,COMB SOCKET RAW CLASS TEST #2 HDMT
HDMx_EQA,6165,CRC3HD,COMB SOCKET RAW CLASS TEST #3 HDMT
HDMx_EQA,6166,CRC4HD,COMB SOCKET RAW CLASS TEST #4 HDMT
HDMx_EQA,6167,CRC5HD,COMB SOCKET RAW CLASS TEST #5 HDMT
HDMx_EQA,6169,DFLXF15RWK,BOT DEFLUX F15 BEC REWORK
HDMx_EQA,6193,CPBIC11HD,COMB SOCK POST BURNIN C TST #11HDMT
HDMx_EQA,6194,CFC11HD,COMB SOCK PST BURN IN C TST #11HDMT
HDMx_EQA,6197,CFUSEHD,COMBINED SOCKET OFFLINE FUSING HDMT
HDMx_EQA,6208,QAADPMHD,QA ADPM HDMT
HDMx_EQA,6212,CFC1HD,COMB SOCK FINAL CLASS TST COLD #1HD
HDMx_EQA,6213,CFC2HD,COMB SOCK FINAL CLASS TST COLD #2HD
HDMx_EQA,6214,CFC3HD,COMB SOCK FINAL CLASS TST COLD #3HD
HDMx_EQA,6215,CFC4HD,COMB SOCK FINAL CLASS TST COLD #4HD
HDMx_EQA,6216,CFC5HD,COMB SOCK FINAL CLASS TST COLD #5HD
HDMx_EQA,6217,CFC6HD,COMB SOCK FINAL CLASS TST COLD #6HD
HDMx_EQA,6218,CFC7HD,COMB SOCK FINAL CLASS TST COLD #7HD
HDMx_EQA,6219,CFC8HD,COMB SOCK FINAL CLASS TST COLD #8HD
HDMx_EQA,6220,RC10,RAW CLASS #10
HDMx_EQA,6242,CFQAT1HD,COMB SOCK FINAL QA 100% TST #1 HDMT
HDMx_EQA,6243,CFQAT2HD,COMB SOCK FINAL QA 100% TST #2 HDMT
HDMx_EQA,6244,CFQAT3HD,COMB SOCK FINAL QA 100% TST #3 HDMT
HDMx_EQA,6245,CFQAT4HD,COMB SOCK FINAL QA 100% TST #4 HDMT
HDMx_EQA,6248,MPSTEST10,COMB HOTCOLD MPS TEST CLASS TEST 10
HDMx_EQA,6249,MPSTEST11,COMB HOTCOLD MPS TEST CLASS TEST 11
HDMx_EQA,6254,HDSPECXF,HDMT SPS PHM EXTREME COLD BOTH FACT
HDMx_EQA,6257,CFQA1HD,COMB SOCKET FINAL QA SAMP TEST #1HD
HDMx_EQA,6258,CFQA2HD,COMB SOCKET FINAL QA SAMP TEST #2HD
HDMx_EQA,6259,CFQA3HD,COMB SOCKET FINAL QA SAMP TEST #3HD
HDMx_EQA,6260,CFQA4HD,COMB SOCKET FINAL QA SAMP TEST #4HD
HDMx_EQA,6261,CPBIC12HD,COMB SOCK POST BURNIN C TST #12HDMT
HDMx_EQA,6262,CPBIC1HD,COMB SOCK POST BURN IN C TST #1HDMT
HDMx_EQA,6263,CPBIC2HD,COMB SOCK POST BURN IN C TST #2HDMT
HDMx_EQA,6264,CPBIC3HD,COMB SOCK POST BURN IN C TST #3HDMT
HDMx_EQA,6265,CPBIC4HD,COMB SOCK POST BURN IN C TST #4HDMT
HDMx_EQA,6266,CPBIC5HD,COMB SOCK POST BURN IN C TST #5HDMT
HDMx_EQA,6267,CPBIC6HD,COMB SOCK POST BURN IN C TST #6HDMT
HDMx_EQA,6268,CPBIC7HD,COMB SOCK POST BURN IN C TST #7HDMT
HDMx_EQA,6269,CPBIC8HD,COMB SOCK POST BURN IN C TST #9HDMT
HDMx_EQA,6270,CPBIC9HD,COMB SOCK POST BURN IN C TST #9HDMT
HDMx_EQA,6274,MPSPHM1,MPS PRODUCT HEALTH MONITORING 1
HDMx_EQA,6275,MPSPHM2,MPS PRODUCT HEALTH MONITORING 2
HDMx_EQA,6616,MPSTEST12,COMB HOT COLD MPS TEST-CLASS QRE 12
HDMx_EQA,6617,MPSTEST13,COMB HOT COLD MPS TEST-CLASS QRE 13
HDMx_EQA,6618,MPSTEST14,COMB HOT COLD MPS TEST-CLASS QRE 14
HDMx_EQA,6619,MPSTEST15,COMB HOT COLD MPS TEST-CLASS QRE 15
HDMx_EQA,6638,MPSTEST16,COMB HOT COLD MPS TEST-CLASS QRE 16
HDMx_EQA,6639,MPSTEST17,COMB HOT COLD MPS TEST-CLASS QRE 17
HDMx_EQA,6644,MPSTEST18,COMB HOT COLD MPS TEST-CLASS QRE 18
HDMx_EQA,6653,MPSTEST19,COMB HOT COLD MPS TEST-CLASS QRE 19
HDMx_EQA,6654,MPSTEST20,COMB HOT COLD MPS TEST-CLASS QRE 20
HDMx_EQA,6656,MPSTEST21,COMB HOT COLD MPS TEST-CLASS QRE 21
HDMx_EQA,6657,HDMCHXFQ11,HDMT MPS CLASS HOT BOTH FACT QRE 11
HDMx_EQA,6658,HDMCHXFQ12,HDMT MPS CLASS HOT BOTH FACT QRE 12
HDMx_EQA,6659,HDMCHXFQ13,HDMT MPS CLASS HOT BOTH FACT QRE 13
HDMx_EQA,6661,HDMCHXFQ14,HDMT MPS CLASS HOT BOTH FACT QRE 14
HDMx_EQA,6662,HDMCHXFQ15,HDMT MPS CLASS HOT BOTH FACT QRE 15
HDMx_EQA,6663,HDMCHXFQ16,HDMT MPS CLASS HOT BOTH FACT QRE 16
HDMx_EQA,6664,HDMCHXFQ17,HDMT MPS CLASS HOT BOTH FACT QRE 17
HDMx_EQA,6667,HDMCHXFQ18,HDMT MPS CLASS HOT BOTH FACT QRE 18
HDMx_EQA,6668,HDMCHXFQ19,HDMT MPS CLASS HOT BOTH FACT QRE 19
HDMx_EQA,6669,HDMCHXFQ20,HDMT MPS CLASS HOT BOTH FACT QRE 20
HDMx_EQA,6671,CPBICHD10,COMB SOCK POST BURN IN C TST QRE 10
HDMx_EQA,6672,CPBICHD11,COMB SOCK POST BURN IN C TST QRE 11
HDMx_EQA,6673,CPBICHD12,COMB SOCK POST BURN IN C TST QRE 12
HDMx_EQA,6674,CPBICHD13,COMB SOCK POST BURN IN C TST QRE 13
HDMx_EQA,6681,CPBICHD14,COMB SOCK POST BURN IN C TST QRE 14
HDMx_EQA,6682,CPBICHD15,COMB SOCK POST BURN IN C TST QRE 15
HDMx_EQA,6683,CPBICHD16,COMB SOCK POST BURN IN C TST QRE 16
HDMx_EQA,6685,CPBICHD17,COMB SOCK POST BURN IN C TST QRE 17
HDMx_EQA,6687,CPBICHD18,COMB SOCK POST BURN IN C TST QRE 18
HDMx_EQA,6689,CPBICHD19,COMB SOCK POST BURN IN C TST QRE 19
HDMx_EQA,6691,CFCHDQRE6,COMB SOCK FINAL CLASS TST COLD QRE
HDMx_EQA,6692,CFCHDQRE7,COMB SOCK FINAL CLASS TST COLD QRE
HDMx_EQA,6693,CFCHDQRE8,COMB SOCK FINAL CLASS TST COLD QRE
HDMx_EQA,6694,CFCHDQRE9,COMB SOCK FINAL CLASS TST COLD QRE
HDMx_EQA,6695,CFCHDQRE10,COMB SOCK FINAL CLASS TST COLD QRE
HDMx_EQA,6696,CFCHDQRE11,COMB SOCK FINAL CLASS TST COLD QRE
HDMx_EQA,6697,CFCHDQRE12,COMB SOCK FINAL CLASS TST COLD QRE
HDMx_EQA,6698,CFCHDQRE13,COMB SOCK FINAL CLASS TST COLD QRE
HDMx_EQA,6699,CFCHDQRE14,COMB SOCK FINAL CLASS TST COLD QRE
HDMx_EQA,6725,CFCHDQRE15,COMB SOCK FINAL CLASS TST COLD QRE
HDMx_EQA,6731,HDMX ST,HDMX STRESS TEST
HDMx_EQA,6732,HX ST RE1,HDMX ST REBI 1
HDMx_EQA,6733,HX ST RE2,HDMX ST REBI 2
HDMx_EQA,6734,HX ST RE3,HDMX ST REBI 3
HDMx_EQA,6735,HDMX ST RE,HDMX K-LOT RE-STRESS
HDMx_EQA,6743,CFCHDQRE16,COMB SOCK FINAL CLASS TST COLD QRE
HDMx_EQA,7820,MPSTEST1,COMB HOT COLD MPS TEST-CLASS TEST 1
HDMx_EQA,7821,MPSTEST2,COMB HOT COLD MPS TEST-CLASS TEST 2
HDMx_EQA,7822,MPSTEST3,COMB HOT COLD MPS TEST-CLASS TEST 3
HDMx_EQA,7823,MPSTEST4,COMB HOT COLD MPS TEST-CLASS TEST 4
HDMx_EQA,7824,MPSTEST5,COMB HOT COLD MPS TEST-CLASS TEST 5
HDMx_EQA,7825,MPSTEST6,COMB HOT COLD MPS TEST-CLASS TEST 6
HDMx_EQA,7826,MPSTEST7,COMB HOT COLD MPS TEST-CLASS TEST 7
HDMx_EQA,7827,MPSTEST8,COMB HOT COLD MPS TEST-CLASS TEST 8
HDMx_EQA,7828,MPSTEST9,COMB HOT COLD MPS TEST-CLASS TEST 9
HDMx_EQA,7872,CPBIC2BIN,CPBIC BINNING OPERATION #2
HDMx_EQA,7874,CPBIC4BIN,CPBIC BINNING OPERATION #4
HDMx_EQA,7875,CPBIC5BIN,CPBIC BINNING OPERATION #5
HDMx_EQA,7876,CPBIC6BIN,CPBIC BINNING OPERATION #6
HDMx_EQA,7878,CPBIC8BIN,CPBIC BINNING OPERATION #8
V8,2050,HCSLQA1,COMB HOT COLD TESTING-QA 1
V8,2051,PHM2,PRODUCT HEALTH MONITORING 2
V8,5000,U90,UNTESTED ASSEMBLED PRODUCT: FOR T90
V8,5724,CMT2KRVCH1,CMT 2FACT KLOT FLOW RV CHOT1
V8,5725,RVCPBIC5H,RV_CPBIC5 HOT REBI
V8,5741,RVCFQAT1Q,RV_CFQAT1 QA HOT
V8,5982,PHMCOLD,#PHMCOLD ADPM RV LOCATION
V8,6242,CFQAT1HD,COMB SOCK FINAL QA 100% TST #1 HDMT
V8,6412,CLASSCOLD1,CLASSCOLD -40C
V8,6413,CLASSCOLD2,CLASSCOLD -40C
V8,6414,CLASSCOLD4,CLASSCOLD -40C
V8,6415,CLASSCOLD5,CLASSCOLD -40C
V8,6439,HVQK,HIGH VOLTAGE QUICK FILL
V8,6495,HVQK 2,HIGH VOLTAGE QUICK KILL 2
V8,6496,HVQK 3,HIGH VOLTAGE QUICK KILL 3
V8,6571,HCSLREL1,COMB HOT COLD TESTING-REL 1
V8,6707,CLASSCOLD3,CLASSCOLD -40C
V8,6832,HCSLTEST10,COMB HOT COLD TESTING  CLASS TEST 1
V8,6833,HCSLTEST11,COMB HOT COLD TESTING  CLASS TEST 1
V8,6881,HCSLTEST1,COMB HOT COLD TESTING-CLASS TEST 1
V8,6882,HCSLTEST2,COMB HOT COLD TESTING-CLASS TEST 2
V8,6883,HCSLTEST3,COMB HOT COLD TESTING-CLASS TEST 3
V8,6884,HCSLTEST4,COMB HOT COLD TESTING-CLASS TEST 4
V8,6885,HCSLTEST5,COMB HOT COLD TESTING-CLASS TEST 5
V8,6886,HCSLTEST6,COMB HOT COLD TESTING-CLASS TEST 6
V8,6887,HCSLTEST7,COMB HOT COLD TESTING-CLASS TEST 7
V8,6888,HCSLTEST8,COMB HOT COLD TESTING-CLASS TEST 8
V8,6889,HCSLTEST9,COMB HOT COLD TESTING-CLASS TEST 9
V8,7001,SRC1,C4 RAW CLASS TEST #1 ON (STR)
V8,7002,SRC2,C4 RAW CLASS TEST #2 (STR)
V8,7006,SRC1BIN,C4 RC1 BINNING (STR)
V8,7010,S2PBIC1,STRUCTURAL 2 PBIC #1
V8,7011,SPBIC1,C4 POST BURN-IN CHECK #1 (STR)
V8,7012,SPBIC2,C4 POST BURN-IN CHECK #2 (STR)
V8,7013,SPBIC3,C4 POST BURN-IN CHECK #3 (STR)
V8,7014,SPBIC4,C4 POST BURN-IN CHECK #4 (STR)
V8,7021,SPBIC1BIN,C4 PBIC BINNING OPERATION #1 (STR)
V8,7031,SFC1,C4 FPO TEST #1 (STR)
V8,7032,SFC2,C4 FPO TEST #2 (STR)
V8,7033,SFC3,C4 FPO TEST #3 (STR)
V8,7041,]FQAT1,C4 FINAL QA 100% TEST #1 (STR)
V8,7042,SFQAT2,C4 FINAL QA 100% TEST #2 (STR)
V8,7043,SFQAT3,C4 FINAL QA 100% TEST #3 (STR)
V8,7044,SFQAT4,C4 FINAL QA 100% TEST #4 (STR)
V8,7051,SFQA1,C4 HOT/COLD ELECT. TEST #1 (STR)
V8,7052,SFQA2,C4 HOT/COLD ELECT. TEST #2 (STR)
V8,7057,SFUSE,ST2 OFFLINE FUSING
V8,7062,METQRE,BAKE FOR XX HOURS FROM PACK
V8,7063,METPACK,METPACK
V8,7077,SFQA,SFQA FOR ENGINEERING PURPOSES
V8,7080,SFQA PPV,SFQA FOR ENGINEERING PURPOSES
V8,7091,SFQA1-NF,C4 HOT/COLD ELEC TEST #1-NONFUSE ST
V8,7092,SFQA2-NF,C4 HOT/COLD ELEC TEST #2-NONFUSE ST
V8,7093,SFQA3-NF,C4 HOT/COLD ELEC TEST #3-NONFUSE ST
V8,7094,SFQA4-NF,C4 HOT/COLD ELEC TEST #4-NONFUSE ST
V8,7201,RC1,C4 RAW CLASS TEST #1
V8,7202,RC2,C4 RAW CLASS TEST #2
V8,7203,RC3,C4 RAW CLASS TEST #3
V8,7204,RC4,C4 RAW CLASS TEST #4
V8,7205,RC5,C4 RAW CLASS TEST #5
V8,7211,RC1BIN,C4 RC1 BINNING
V8,7246,DBIUBIN1,C4 DBIU1 BINNING (K LOT)
V8,7247,DBIUBIN2,C4 DBIU2 BINNING (K LOT)
V8,7248,DBIUBIN3,C4 DBIU3 BINNING (K LOT)
V8,7249,DBIUBIN4,C4 DBIU4 BINNING (K LOT)
V8,7250,DBIUBIN5,C4 DBIU5 BINNING (K LOT)
V8,7251,PBIC1,C4 POST BURN-IN CHECK #1
V8,7252,PBIC2,C4 POST BURN-IN CHECK #2
V8,7253,PBIC3,C4 POST BURN-IN CHECK #3
V8,7254,PBIC4,C4 POST BURN-IN CHECK #4
V8,7255,PBIC5,C4 POST BURN-IN CHECK #5
V8,7256,PBIC6,C4 POST BURN-IN CHECK #6
V8,7257,PBIC7,C4 POST BURN-IN CHECK #7
V8,7258,PBIC8,C4 POST BURN-IN CHECK #8 (IX TEST)
V8,7259,PBIC9,C4 POST BURN-IN CHECK #9
V8,7261,PBIC1BIN,C4 PBIC BINNING OPERATION #1
V8,7262,PBIC2BIN,C4 PBIC #2 BINNING OPERATION
V8,7263,PBIC3BIN,C4 PBIC #3 BINNING OPERATION
V8,7264,PBIC4BIN,C4 PBIC #4 BINNING OPERATION
V8,7268,PBIC8BIN,C4 PBIC BINNING OPN #8 (IX TEST)
V8,7271,FC1,C4 FPO TEST #1
V8,7272,FC2,C4 FPO TEST #2
V8,7273,FC3,C4 FPO TEST #3
V8,7274,FC4,C4 FPO TEST #4
V8,7275,COOL PPV,C4 PRODUCT PLATFORM VALIDATION SPM
V8,7276,FQAT1,C4 FINAL QA 100% TEST #1
V8,7277,FQAT2,C4 FINAL QA 100% TEST #2
V8,7278,FQAT3,C4 FINAL QA 100% TEST #3
V8,7279,FQAT6,C4 FINAL QA 100% TEST #6
V8,7280,TRES2,THERMAL RESISTANCE EVALUATION SYS.
V8,7281,FC1BIN,C4 FPO TEST BINNING OPER #1
V8,7282,FC2BIN,C4 FPO TEST #2 BINNING
V8,7283,FC3BIN,C4 FPO TEST #3 BINNING
V8,7284,FC4BIN,C4 FPO TEST BINNING OPER #4
V8,7290,Z090,FCPGA T90 SEMI-FINISHED GOODS(SFGI)
V8,7295,PPV SPM,C4 PRODUCT PLATFORM VALIDATION SPM
V8,7297,PPV SPS,C4 PRODUCT PLATFORM VALIDATION SPS
V8,7300,MARK,C4 LASER MARK
V8,7301,FQA1,C4 HOT OR COLD ELECTRICAL TEST #1
V8,7302,FQA2,C4 HOT OR COLD ELECTRICAL TEST #2
V8,7303,FQA3,C4 HOT OR COLD ELECTRICAL TEST #3
V8,7304,FQA4,C4 HOT OR COLD ELECTRICAL TEST #4
V8,7305,EOL MARK2,EOL MARK FOR NON ULT PRODUCTS
V8,7310,OLF,OFFLINE FUSING
V8,7311,MET1,C4 MET OPERATION #1
V8,7314,FQADEC,FQA SAMPLIN/DECISION
V8,7317,LSCCTL2,O2B CARRIER TO TRAY LOADER
V8,7325,BAI,C4 BALL ATTACH INSPECTION
V8,7326,PIN INSP2,FC-PGA PIN INSPECT2
V8,7328,FLIP,FCPGA FLIP OPERATION
V8,7329,FVI PGA,FINAL VISUAL INSPECTION FC-PGA
V8,7331,TPACK,TEST PACK (C4)
V8,7335,FVI2 FCMB,FINAL VISUAL INSPECTION FCMB 2
V8,7337,AV 4 REUSE,AVAILABLE FOR REUSE
V8,7338,AV 4 REUSE,AVAILABLE FOR REUSE
V8,7340,MVQA,C4 MECHANICAL VISUAL Q/A
V8,7341,PMVQA,C4 POST MVQA OPERATION
V8,7343,UNPACK,UNPACK OPERATION FOR RESCREENING
V8,7344,PACK,DESI-PACK/NON DESI-PACK
V8,7346,MVQA,MECH VISUAL QA - OLGA2 AND FC-BGA W
V8,7347,MVQA,C4 MECHANICAL VISUAL Q/A - INT2
V8,7377,PPSVQAT1,C4 PPSV QA TEST #1
V8,7400,MARK,FC LASER MARK ONLY FOR PPVFUSECHECK
V8,7450,PPV-M FUSE,PRODUCT PLATFORM VALIDATION SPM/FUS
V8,7461,LCBIUBIN,LOW COST BURN IN-BIN
V8,7462,LCBI2,LCBI CLASS RE-BURN IN
V8,7463,LCBI3,LOW COST BURN IN 3
V8,7464,LCBI4,ITR
V8,7465,LCBI 5,LOW COST BURN IN 5
V8,7466,LCBI6,LCBI K-LOT RE-BURN IN
V8,7467,LCBIUBIN2,LOW COST BURN IN-BIN 2
V8,7480,FQA PPV RV,FQA FOR ENGINEERING PURPOSES
V8,7571,OLBPBIC1BI,OFF LINE BIN POST BURN IN C TST #1
V8,7611,SH2BI,SELF-HEAT BURN-IN 2 #1 - FRESH LOT
V8,7711,CRC1,COMBINED SOCKET RAW CLASS TEST #1
V8,7712,CRC2,COMBINED SOCKET RAW CLASS TEST #2
V8,7713,CRC3,COMBINED SOCKET RAW CLASS TEST #3
V8,7714,CRC4,COMBINED SOCKET RAW CLASS TEST #4
V8,7715,CRC5,COMBINED SOCKET RAW CLASS TEST #5
V8,7716,AUTOUNREEL,ICOS 9450 AUTO UNREEL
V8,7720,CPBIC0,COMB SOCKET POST BURN IN C TST #0
V8,7721,CPBIC1,COMB SOCKET POST BURN IN C TST #1
V8,7722,CPBIC2,COMB SOCKET POST BURN IN C TST #2
V8,7723,CPBIC3,COMB SOCKET POST BURN IN C TST #3
V8,7724,CPBIC4,COMB SOCKET POST BURN IN C TST #4
V8,7725,CPBIC5,COMB SOCKET POST BURN IN C TST #5
V8,7726,CPBIC6,COMB SOCKET POST BURN IN C TST #6
V8,7727,CPBIC7,COMB SOCKET POST BURN IN C TST #7
V8,7728,CPBIC8,COMB SOCKET POST BURN IN C TST #8
V8,7729,CPBIC9,COMB SOCKET POST BURN IN C TST #9
V8,7731,CFC1,COMB SOCKET FINAL CLASS TST COLD #1
V8,7732,CFC2,COMB SOCKET FINAL CLASS TST COLD #2
V8,7733,CFC3,COMB SOCKET FINAL CLASS TST COLD #3
V8,7734,CFC4,COMB SOCKET FINAL CLASS TST COLD #4
V8,7735,CFC5,COMB SOCKET FINAL CLASS TST COLD #5
V8,7736,CFC3,COMB SOCKET FINAL CLASS TST COLD #6
V8,7737,CFC7,COMB SOCKET FINAL CLASS TST COLD #7
V8,7738,CFC8,COMB SOCKET FINAL CLASS TST COLD #8
V8,7739,CFC9,COMB SOCKET FINAL CLASS TST COLD #9
V8,7740,METFADRB,METFADRB LOT LITTLE RIVER
V8,7741,CFQAT1,COMB SOCKET FINAL QA 100% TST #1
V8,7742,CFQAT2,COMB SOCKET FINAL QA 100% TST #2
V8,7743,CFQAT3,COMB SOCKET FINAL QA 100% TST #3
V8,7744,CFQAT4,COMB SOCKET FINAL QA 100% TST #4
V8,7747,EQA LS2,WEEKLY EQA LOW SPEED (COLD)
V8,7751,CFQA1,COMB SOCKET FINAL QA SAMPLE TEST #1
V8,7752,CFQA2,COMB SOCKET FINAL QA SAMPLE TEST #2
V8,7754,CFQA4,COMB SOCKET FINAL QA SAMPLE TEST #4
V8,7757,CFUSE,COMBINED SOCKET OFFLINE FUSING
V8,7761,META24DRB7,MET24 DRB 2ND BAKE 7DAYS
V8,7769,METFP24HR,METFP24HR (7 DAYS)
V8,7770,PPV DEC,PPV DECISION FOR SAMPLING
V8,7777,PPV SPS-2,PPV SPS ENGINEERING VALIDATION
V8,7780,PPV DEC,DECISION OPERATION PSC-N PULLBACK
V8,7781,CCOR1,CORRELATION1 CLASS HOT NEWTP
V8,7782,CCOR2,CORRELATION2 CLASS HOT OLDTP
V8,7783,CCOR3,CORRELATION3 CLASS COLD NEWTP
V8,7784,CCOR4,CORRELATION4 CLASS COLD OLDTP
V8,7785,CCOR5,CORRELATION5 CLASS ROOM NEWTP
V8,7786,CCOR6,CORRELATION6 CLASS ROOM OLDTP
V8,7787,CCOR7,CORRELATION7 QA HOT NEWTP
V8,7788,CCOR8,CORRELATION8 QA COLD NEWTP
V8,7789,PPV RV,PPV ENGINEERING VALIDATION
V8,7791,CFQA1-NF,VALIDATION QA1 HOT FOR IME/CSE
V8,7792,CFQA2-NF,VALIDATION QA2 COLD FOR IME/CSE
V8,7793,CFQA3-NF,VALIDATION QA3 ROOM FOR IME/CSE
V8,7796,CFQA6-NF,VALIDATION QA6 ROOM FOR IME/CSE
V8,7798,TFUSE S-CS,TEST FUSE SORT ON COMBINE SOCKET
V8,7799,TFUSE S-CS,TEST FUSE SORT ON COMBINE SOCKET2
V8,7871,CPBIC1BIN,CPBIC BINNING OPERATION #1
V8,7941,CFQAT1,PSG COMB SOCKET FINAL QA100% TST#1
V8,7981,QA-ADPM,QA FOR AUTO DPM FLOW
V8,7982,CSM-ADPM,CSM TEST SOCKET FOR AUTO DPM FLOW
V8,7998,ULTSORTBIN,UNIT LEVEL SORT BIN
V8,8008,RCO,FB RAW CLASS TEST#0 (RV)
V8,8057,SFUSE,ST2 OFFLINE FUSING
V8,8058,SAFUSE,SPARE ARRAY FUSE BURN - ROOM
V8,8201,RC1,FB RAW CLASS TEST #1
V8,8202,RC2 COLD,FB RAW CLASS TEST #2
V8,8203,RC3,FB RAW CLASS TEST #3
V8,8211,RC1BIN,FB RC1 BINNING
V8,8221,CD1,FB DYNAMIC BURN-IN LOAD #1
V8,8244,UNPACK,UNPACK LOCATION
V8,8251,PBIC1,FB POST BURN-IN CHECK #1
V8,8252,PBIC2,FB POST BURN-IN CHECK #2
V8,8253,PBIC3,FB POST BURN-IN CHECK #3
V8,8254,PBIC4,FB POST BURN-IN CHECK #4
V8,8255,PBIC5,FB POST BURN-IN CHECK #5
V8,8256,PBIC6,FB POST BURN-IN CHECK #6
V8,8257,PBIC7,FB POST BURN-IN CHECK #7
V8,8258,PBIC8,FB POST BURN-IN CHECK #8
V8,8259,PBIC9,FB POST BURN-IN CHECK #9
V8,8260,MANUFACTRE,LYA STORAGE
V8,8261,PBIC1BIN,FB PBIC BINNING #1
V8,8262,PBIC2BIN,FB PBIC BINNING #2
V8,8263,PBIC3BIN,FB PBIC BINNING #3
V8,8271,FC1,FB FPO COLD TEST #1
V8,8272,FC2,FB FPO COLD TEST #2
V8,8273,FC3,FB FPO COLD TEST #3
V8,8276,FQAT1,FB FINAL QA 100% TEST #1
V8,8277,FQAT2,FB FINAL QA 100% TEST #2
V8,8278,TNR UNPACK,FB TAPE AND REEL UNPACK
V8,8281,FC1BIN,FB FPO TEST #1
V8,8282,FC2BIN,FB FPO TEST #2
V8,8289,ACSYSTEST,FB SYSTEST
V8,8290,Z90,FB SEMI-FINISHED GOODS (SFGI)
V8,8295,CPV SPM,CHIPSET PRODUCT PLATFORM VALID SPM
V8,8298,EQADECISI,EQA DECISION OPERATION FOR SAMPLING
V8,8299,MARK,FB LASER MARK
V8,8301,FQA1,FB ELECTRICAL QA TEST #1
V8,8302,FQA2,FB ELECTRICAL QA TEST #2
V8,8303,FQA3,FB ELECTRICAL QA TEST #3
V8,8304,FQA4,FB ELECTRICAL QA TEST #4
V8,8305,FQA5,FB ELECTRICAL QA TEST #5 HOT
V8,8306,FQA6,FB ELECTRICAL QA TEST #6 COLD
V8,8317,COLDCHAMB,FB COLD CHAMBER
V8,8324,BAI,FB BALL ATTACH INSPECTION
V8,8332,BAI/TNT,FB BALL ATTACH INSPECTION TRAY
V8,8336,FVI5 BGA,FINAL VISUAL INSPECTION FC-BGA 5
V8,8339,MVQA,FB MECHANICAL/VISUAL QA
V8,8342,BAI/TNR,FB BALL ATTACH INSPECTION & TNR
V8,8344,PACK,FB DESIPACK
V8,8345,AQC NSB,ADMINISTRATIVE QUALITY CHECK (NSB)
V8,8720,CPBIC0,COMB SOCKET POST BURN IN TST#0 (RV)
V8,8801,METFDRB35,FB METFDRB35
V8,8812,CMT RC,CMT RAW CLASS FOR ENG PURPOSE
V8,8901,RC1 RV,FB RAW CLASS TEST #1 RV
V8,8902,RC2 RV,FB RAW CLASS TEST #2 RV
V8,8903,RC3 RV,FB RAW CLASS TEST #3 RV
V8,8931,FQA1 RV,FB ELECTRICAL QA TEST #1 RV
V8,8941,FC1 RV,FB FPO COLD TEST #1 RV
V8,8942,FC2 RV,FB FPO COLD TEST #2 RV
V8,8943,FC3 RV,FB FPO COLD TEST #3 RV
V8,8944,FC4 RV,FB FPO COLD TEST #4 RV
V8,8951,PBIC1 RV,FB POST BURN-IN CHECK #1 RV
V8,8952,PBIC2 RV,FB POST BURN-IN CHECK #2 RV
V8,8953,PBIC3 RV,FB POST BURN-IN CHECK #3 RV
V8,8954,PBIC4 RV,FB POST BURN-IN CHECK #4 RV
V8,8955,PBIC5 RV,FB POST BURN-IN CHECK #5 RV
V8,8956,PBIC6 RV,FB POST BURN-IN CHECK #6 RV
V8,8957,PBIC7 RV,FB POST BURN-IN CHECK #7 RV
V8,8958,PBIC8 RV,FB POST BURN-IN CHECK #8 RV
V8,8959,PBIC9 RV,FB POST BURN-IN CHECK #9 RV
V8,8976,FQAT1 RV,FB FINAL QA 100% TEST #1 RV
V8,8991,CPVTESTRV3,VALIDATION SYSTEST REJ AT CLS TEST
V8,8995,CVID DEMIX,CLASS VID DEMIX
V8,8998,CULT DEMIX,CLASS ULT(EFUSE) DEMIX
V8,9001,ET90,ENGINEERING TEST STORE
V8,9002,CT22,ASSEMBLY CLASS STORES
V8,9003,CT90,ENGINEERING CLASS STORES
V8,9022,METPCKSTR,METPACK STORES FOR SEALED LOTS
V8,9033,REFIFO,DUMMY OPERATION USED FOR REFIFO
V8,9040,LCE DIE,LCE HVI TRANSFER (FOR DIE ONLY)
V8,9042,LCE LOT,LCE HVI TRANSFER (FOR LOT ONLY)
V8,9043,LOT TRANSF,FINISH LOT HVI TRANSFER
V8,9044,NSBREBIINT,KMO NSB REBI INTRANSIT
V8,9201,CREH01,CS REL STRESS READ OUT #1 HOT
V8,9202,CREH02,CS REL STRESS READ OUT #2 HOT
V8,9203,CREH03,CS REL STRESS READ OUT #3 HOT
V8,9204,CREH04,CS REL STRESS READ OUT #4 HOT
V8,9205,CREH05,CS REL STRESS READ OUT #5 HOT
V8,9206,CREH06,CS REL STRESS READ OUT #6 HOT
V8,9207,CREH07,CS REL STRESS READ OUT #7 HOT
V8,9208,CREH08,CS REL STRESS READ OUT #8 HOT
V8,9209,CREH09,CS REL STRESS READ OUT #9 HOT
V8,9210,CREH010,CS REL STRESS READ OUT #10 HOT
V8,9211,CREC01,CS REL STRESS READ OUT #1 COLD
V8,9212,CREC02,CS REL STRESS READ OUT #2 COLD
V8,9213,CREC03,CS REL STRESS READ OUT #3 COLD
V8,9214,CREC04,CS REL STRESS READ OUT #4 COLD
V8,9992,PTRN,PARTIALLY ASSEMBLED IN TRANSIT
OLB,3350,OLPLOADHPO,OLP LOADING TO HPO
OLB,3351,OLP_UNLHPO,OLP UNLOADING FROM HPO
OLB,7310,OLF,OFFLINE FUSING
STHI,2295,LSCCTL,FC9 USFF CARRIER TO TRAY LOADER
STHI,2395,FF PPVM,FORCE FLOW FOR PPVM-ENG
STHI,2397,PPVSFFLOW,PPVS ENG FORCEFLOW VALIDATION
STHI,2463,PPV HVCP,PPV HIGH VOL CHAR PLATFORM
STHI,6079,EQAR3HD,EQA REJECT VALIDATION #3 HDMT
STHI,6304,PPVSRCOOL,SPS RV COOL
STHI,6305,PPVMCOOL,SPM COOL
STHI,6309,PPVMRCOOL,SPM RV COOL
STHI,6312,PPV+RCOOL,SPM WITH AIR RV COOL
STHI,6313,PPVRCOOL,AIR RV COOL
STHI,6316,PPVSRCSSH,PPV/S AT HIGH TEMPERATURE 2
STHI,6317,PPVMCOOL,PPV/M AT COOL TEMPERATURE
STHI,6325,PPVMCOLD,SPM COLD
STHI,6340,PPV ADPM-3,PPV SOCKET FOR AUTO DPM FLOW
STHI,6341,PPV SPM-3,PRODUCT PLATFORM VALIDATION SPM
STHI,6342,PPV SPS-3,PRODUCT PLATFORM VALIDATION SPS
STHI,6452,ULPM SMART,ULPM PLUS SMART PPV SAMPLING
STHI,6508,SMART PPVS,SMART PPVS
STHI,6566,ULPPVM OLB,PPV FOR OLB SEGREGATION WITH ULPPVM
STHI,6567,PPV OLB2,PPV FOR OLB SEGREGATION
STHI,6944,ULPPVM8A,ULPPVM WITH 2 SEQS INLINE RV
STHI,6970,PPVS&PPVM,C4 PLATFORM COMBINE SPS AND SPM
STHI,7275,COOL PPV,C4 PRODUCT PLATFORM VALIDATION SPM
STHI,7295,PPV SPM,C4 PRODUCT PLATFORM VALIDATION SPM
STHI,7297,PPV SPS,C4 PRODUCT PLATFORM VALIDATION SPS
STHI,7420,PPVMPREL,POST REL PPVM
STHI,7421,PPV S STHI,PPV S STHI
STHI,7450,PPV-M FUSE,PRODUCT PLATFORM VALIDATION SPM/FUS
STHI,7451,PPV-S FUSE,PRODUCT PLATFORM VALIDATION SPS/FUS
STHI,7775,PPV SPM,PPV SPM ENGINEERING VALIDATION
STHI,7777,PPV SPS-2,PPV SPS ENGINEERING VALIDATION
STHI,7780,PPV DEC,DECISION OPERATION PSC-N PULLBACK
STHI,7789,PPV RV,PPV ENGINEERING VALIDATION
STHI,7853,PPV MECH,THERM/MECH CYCLE; NO ELECT TEST
STHI,7899,PPV SPM-RV,C4 PPV IN LINE REJECT VALIDATION
STHI,7980,PPV-ADPM,PPV SOCKET FOR AUTO DPM FLOW
STHI,8748,PPV SPS-SD,PPVS SOCKET FOR SDE
STHI,8749,PPV SPM-SD,PPVM SOCKET FOR SDE
STHI,8751,PPV SPS-SD,PPVS SOCKET FOR SDE
STHI,8752,PPV SPM-SD,PPVM SOCKET FOR SDE
HSX,2462,HSX HVCP,HSX PPV HIGH VOL CHAR PLATFORM
HSX,6340,PPV ADPM-3,PPV SOCKET FOR AUTO DPM FLOW
HSX,7676,PPVMCOOL,SPM COOL
HSX,7677,PPVSCOLD,SPS COLD
HSX,7678,SMART PPVS,SMART PPVS
HSX,7679,PPV ADPM2,PPV INLINE RV ADPM2
HSX,7680,PPV SPS-2,PRODUCT PLATFORM VALIDATION SPS
HSX,7681,PPV SPM,PRODUCT PLATFORM VALIDATION SPM
HSX,7682,PPV SPS-1,PRODUCT PLATFORM VALIDATION SPS
HSX,7683,PPV RV,PPV ENGINEERING VALIDATION
HSX,7684,PPV MECH,THERM/MECH CYCLE; NO ELECT TEST
HSX,7685,PPV,PPV IN LINE REJECT VALIDATION
HSX,7686,PPV-ADPM,THERM/MECH CYCLE; NO ELECT TEST
HSX,7775,PPV SPM,PPV SPM ENGINEERING VALIDATION
HSX,7777,PPV SPS-2,PPV SPS ENGINEERING VALIDATION
HSX,8656,PPV ADPM C,PPV SOCKET FOR AUTO DPM FLOW
HSX,8657,PPVM CXL,PRODUCT PLATFORM VALIDATION SPM
HSX,8658,PPVS CXL,PRODUCT PLATFORM VALIDATION SPS
HSX,8745,UNSBOXR2S,UNSEAL BOX RVLT TO SEND
HSX,8747,PPV ADP-SD,PPV ADMP FOR SDE
HSX,8748,PPV SPS-SD,PPVS SOCKET FOR SDE
HSX,8749,PPV SPM-SD,PPVM SOCKET FOR SDE
