nbr,ar_follow_up,actionable_item,reference,description,package,bare_die_lid,foveros,segment,xvi_tool_type,xvi_tool_comment,lts_ball,hdmx_ap_pan,owner,update_by,scenario,updated_at
1,"",CMMS golden file require to be updated during NPI for flawless operation without part mixing risk.,"Audit ID 11899213, finding ID 187126",CMMS Golden file need to be tracked for all product,All,All,All,All,Multiple,"",All,All,TRB,Luan,"1. TEGt owned xRB, CA owned by TED",2026-10-01T02:05:35Z
2,"",Optimize Deactuate Work Flow with function check V3 valve.,"DRB#12172696
http://xccb2.intel.com/Documents/DocumentWorkspace.aspx?DocumentID=2134537","CX1 de-actuate WF optimize enable function check valve V3 ( if having sensor) trigger. Alarm pop up when deactuate wf fail. WP link: ""HDMx MTLU281&MTLH682 de-actuate workflow optimization and update recipe [Class IV]"". WP mentioned can proliferation this pratice for other CX1 products.
http://xccb2.intel.com/Documents/DocumentWorkspace.aspx?DocumentID=2134537",All,All,All,All,Multiple,"",All,CX1,Module Engineer,Luan,"2. Module owned xRB, CA own by TRB",2026-10-01T02:05:35Z
3,procedure -> remove,Enhance EGDI conversion procedure to replace Gasket in CX1 AP,DRB#12254083,Apply for all CX1 AP when doing EGDI conversion,All,All,All,All,Multiple,"",All,CX1,TRB,Luan,who will hold accountable as project lead?,2026-10-01T02:05:35Z
4,"Consider to remove,  notify team #4",HDMX personality card wrongly. Retire PC rev 02 ( CDAT action). Control method at VNAT: Follow golden file tracking during conversion and repair,MRB#11730668,RPLP282 TIU RPLP213T1461 wrongly used ADLP282 personality card (PC). Applicable for RPL and ADLP (CX1),BGA,Bare die,NA,Mobile,DVI,"",NA,CX1,TRB,Luan,"",2026-10-01T02:05:35Z
5,Update PTL xRB#,"Distinguish collateral name for product which have multiple process use using different physical collateral ( LNL, PTL) has BGA&LGA TIU, AP by TP check naming convention",DRB# 12514877,To prevent cell testing if mistakenly wrong physical AP or TIU. TP check collateral name and trigger alarm ( Products based),All,All,Foveros,Mobile,DVI,"",All,All,TRB,Luan,"",2026-10-01T02:05:35Z
6,"",Verify pogo-pin max current specification vs. max drawn current by TP demand,"DRB# 10989444
https://jira.devtools.intel.com/browse/ADFM7-687",Tp Claim limit higher than ADLM282 pogo pin ( 144G3). Pogo pin change to prevent burnt pin as TP current limit higher than pogo pin capability (refer bin 9901),All,All,All,All,All,"",All,All,TRB,Luan,"",2026-10-01T02:05:35Z
7,"",Enable PCS for VCC MEASUREMENT FIVR_VLOAD_VCCVDDQ (or equivalent test name) to detect out of range or stuck value,L3E MRB #11305139,"Learning from ADL/RPL product family which observed stuck value (stuck at <0 instead of normal positive value) in VCC VLOAD measurement due to HW marginality. For any NPI product, PdO needs to check with TP owner (RPE/MPE) the test name and TP kill limit. PCS control limit can be based on TP Kill limit (parametric or bin-based) or statistical limit.",All,All,All,Client Desktop|Client mobile,All,"",All,All,TRB,Luan,"",2026-10-01T02:05:35Z
8,"",Enable PCS MainPedTemp and MainRtdTemp0 Monitoring To Prevent Burnt AP Heater,DRB #10997731,"Applied for all ADL, RPL products and onwards",All,All,All,Client Desktop|Client mobile,All,"",All,All,TRB,Luan,"",2026-10-01T02:05:35Z
9,Check with Hoka sub-app name,Enable Sub-app SI-E-SUB-B-STDR (BGA products stain on ball),"DRB# 11387994
DRB# 11501439","POR subapp to catch  LTIM stain on substrate ballside (developed by TD from MTLU281 onward), target replace E-App FMDR1",BGA,All,All,Client mobile|5G|SOC|Server|Graphic|Chipset(PCH),All,"",NA,All,TRB,Luan,"",2026-10-01T02:05:35Z
10,"",E-subapp FMDR1 (ADLP/RPLP),"DRB# 11387994
DRB# 11501440","E-subapp to catch LTIM stain on substrate ballside with PyPCS E-app enable, applicable for ADLP/ RPLP.  Other bare die follow STDR sub app (Sub-app SI-E-SUB-B-STDR)",BGA,Bare die,NA,Mobile,DVI,"",NA,CX1,TRB,Luan,"",2026-10-01T02:05:35Z
11,"",E-subapp SI-E-SUB-T-STAIN (BGA products transparent stain on sub),"DRB# 11120764
DRB# 11617609
DRB# 11697472",E-subapp to catch transparent stain on substrate with CSR or PyPCS enable for CA trigger.,BGA,Bare die,All,Mobile|SOC|Chipset(PCH)|Graphic,All,"",NA,All,TRB,Luan,"",2026-10-01T02:05:35Z
12,"",Enable PCS_STIM_LTIM_PUSH_2 (Detection of TSP bare die prods LTIM push regulator failed),DRB#11697472,"To prevent LTIM push regulator fail while running at tool. Applicable for TSP bare die (TSP lid product have LTIM shield so have no issue), condension prevention -TSP: LTIM push to flow air/ CX1: Vacuum valve, if design use vacuum valve connect to sensor V3 then move to action in col ""PCS_STIM_MainAinVoltage_2_Max"", if not V3, high risk - run to fail)",BGA,Bare die,NA,Mobile|SOC|Graphic,DVI,"",NA,All,TRB,Luan,"",2026-10-01T02:05:35Z
13,"",PCS_STIM_MainAinVoltage_2_Max (Detection of CX1 Vacuum V3 failed),"Learning from YI, start from RPLP682 product","Detection of Vacuum V3 failed (applicable for products run with CX1 Pan use V3) - Required: pedestal vacuum connect to sensor V3 / Module recipe logged token - based on pedestal design, if not V3 connected, high risk - run to fail - TRB request",All,Bare die,All,Mobile|Server,DVI,"",NA,CX1,TRB,Luan,"",2026-10-01T02:05:35Z
